-- phpMyAdmin SQL Dump
-- version 4.9.0.1
-- https://www.phpmyadmin.net/
--
-- Máy chủ: sql204.infinityfree.com
-- Thời gian đã tạo: Th10 03, 2025 lúc 09:09 PM
-- Phiên bản máy phục vụ: 11.4.7-MariaDB
-- Phiên bản PHP: 7.2.22

SET SQL_MODE = "NO_AUTO_VALUE_ON_ZERO";
SET AUTOCOMMIT = 0;
START TRANSACTION;
SET time_zone = "+00:00";


/*!40101 SET @OLD_CHARACTER_SET_CLIENT=@@CHARACTER_SET_CLIENT */;
/*!40101 SET @OLD_CHARACTER_SET_RESULTS=@@CHARACTER_SET_RESULTS */;
/*!40101 SET @OLD_COLLATION_CONNECTION=@@COLLATION_CONNECTION */;
/*!40101 SET NAMES utf8mb4 */;

--
-- Cơ sở dữ liệu: `if0_40027925_phatquangquyen_db`
--

-- --------------------------------------------------------

--
-- Cấu trúc bảng cho bảng `attendance`
--

CREATE TABLE `attendance` (
  `id` int(11) NOT NULL,
  `student_id` int(11) NOT NULL,
  `attendance_date` date NOT NULL,
  `status` varchar(50) NOT NULL,
  `group_id` int(11) DEFAULT NULL,
  `created_at` timestamp NULL DEFAULT current_timestamp()
) ENGINE=InnoDB DEFAULT CHARSET=utf8mb4 COLLATE=utf8mb4_unicode_ci;

--
-- Đang đổ dữ liệu cho bảng `attendance`
--

INSERT INTO `attendance` (`id`, `student_id`, `attendance_date`, `status`, `group_id`, `created_at`) VALUES
(1, 99, '2025-09-27', 'present', 1, '2025-09-27 03:38:12'),
(2, 100, '2025-09-27', 'absent_with_permission', NULL, '2025-09-27 03:38:13'),
(3, 105, '2025-09-27', 'absent_without_permission', NULL, '2025-09-27 03:38:14'),
(4, 98, '2025-09-27', 'present', NULL, '2025-09-27 03:38:22'),
(6, 159, '2025-09-27', 'absent_with_permission', NULL, '2025-09-27 03:38:23'),
(8, 106, '2025-09-27', 'absent_with_permission', NULL, '2025-09-27 03:38:24'),
(9, 151, '2025-09-27', 'absent_without_permission', NULL, '2025-09-27 03:39:08'),
(10, 81, '2025-09-27', 'absent_with_permission', NULL, '2025-09-27 03:39:09'),
(11, 99, '2025-10-03', 'absent_with_permission', NULL, '2025-10-03 11:02:34'),
(12, 105, '2025-10-03', 'absent_with_permission', NULL, '2025-10-03 11:02:37'),
(13, 106, '2025-10-03', 'present', NULL, '2025-10-03 11:02:48'),
(18, 159, '2025-10-03', 'absent_with_permission', NULL, '2025-10-03 11:03:00'),
(19, 151, '2025-10-03', 'absent_with_permission', NULL, '2025-10-03 11:03:25'),
(20, 152, '2025-10-03', 'absent_with_permission', NULL, '2025-10-03 11:03:29'),
(21, 80, '2025-10-03', 'absent_with_permission', NULL, '2025-10-03 11:03:33'),
(22, 155, '2025-10-03', 'absent_with_permission', NULL, '2025-10-03 11:03:37'),
(23, 85, '2025-10-03', 'absent_with_permission', NULL, '2025-10-03 11:03:39'),
(24, 111, '2025-10-03', 'absent_with_permission', NULL, '2025-10-03 11:03:40'),
(25, 113, '2025-10-03', 'absent_with_permission', NULL, '2025-10-03 11:03:44'),
(26, 114, '2025-10-03', 'absent_with_permission', NULL, '2025-10-03 11:03:44'),
(27, 119, '2025-10-03', 'absent_with_permission', NULL, '2025-10-03 11:03:45'),
(28, 150, '2025-10-03', 'absent_with_permission', NULL, '2025-10-03 11:03:50'),
(29, 121, '2025-10-03', 'absent_with_permission', NULL, '2025-10-03 11:03:50'),
(30, 122, '2025-10-03', 'absent_with_permission', NULL, '2025-10-03 11:03:52'),
(31, 82, '2025-10-03', 'absent_with_permission', NULL, '2025-10-03 11:04:00'),
(32, 126, '2025-10-03', 'absent_with_permission', NULL, '2025-10-03 11:04:02'),
(33, 133, '2025-10-03', 'absent_with_permission', NULL, '2025-10-03 11:04:05'),
(34, 194, '2025-10-03', 'absent_with_permission', NULL, '2025-10-03 11:04:07'),
(35, 137, '2025-10-03', 'absent_with_permission', NULL, '2025-10-03 11:04:09'),
(36, 140, '2025-10-03', 'absent_with_permission', NULL, '2025-10-03 11:04:13'),
(37, 153, '2025-10-03', 'absent_with_permission', NULL, '2025-10-03 11:04:17'),
(38, 142, '2025-10-03', 'absent_with_permission', NULL, '2025-10-03 11:04:17'),
(39, 143, '2025-10-03', 'absent_with_permission', NULL, '2025-10-03 11:04:19'),
(40, 145, '2025-10-03', 'absent_with_permission', NULL, '2025-10-03 11:04:22'),
(41, 146, '2025-10-03', 'absent_with_permission', NULL, '2025-10-03 11:04:23');

-- --------------------------------------------------------

--
-- Cấu trúc bảng cho bảng `exercises`
--

CREATE TABLE `exercises` (
  `id` int(11) NOT NULL,
  `name` varchar(255) NOT NULL,
  `belt` varchar(255) NOT NULL,
  `guide_url` text DEFAULT NULL,
  `type` varchar(50) NOT NULL
) ENGINE=InnoDB DEFAULT CHARSET=utf8mb3 COLLATE=utf8mb3_general_ci;

--
-- Đang đổ dữ liệu cho bảng `exercises`
--

INSERT INTO `exercises` (`id`, `name`, `belt`, `guide_url`, `type`) VALUES
(24, 'Quyền Tấn Pháp', 'Nâu Đai', 'https://www.youtube.com/watch?v=vsd4rRAnc74', 'uniform'),
(27, 'Căn bản công 45', 'Cấp 2 - Lam Đai II', 'https://www.youtube.com/watch?v=vsd4rRAnc74', 'federation'),
(28, 'Căn bản công 27', 'Nâu Đai', 'https://www.youtube.com/watch?v=vsd4rRAnc74', 'uniform'),
(29, 'Trần Sơn Tất', 'Cấp 2 - Lam Đai II', 'https://www.youtube.com/watch?v=vsd4rRAnc74', 'uniform'),
(30, 'Lão Hổ Thượng Sơn', 'Cấp 3 - Lam Đai III', 'https://www.youtube.com/watch?v=vsd4rRAnc73', 'federation'),
(31, 'Lãng Khách Du Xuân', 'Cấp 4 - Lam Đai IV', 'https://www.youtube.com/watch?v=vsd4rRAnc73', 'uniform'),
(32, 'Tứ Linh Đao', 'Cấp 4 - Lam Đai IV', 'https://www.youtube.com/watch?v=vsd4rRAnc74', 'federation'),
(33, 'Thế đối luyện số 1: Cơn bão đầu mùa', 'Nâu Đai', 'https://www.youtube.com/watch?v=vsd4rRAnc74', 'uniform'),
(34, 'Thế đối luyện số 2: Tiếc một cành hoa', 'Nâu Đai', 'https://www.youtube.com/watch?v=vsd4rRAnc74', 'uniform'),
(35, 'Thế đối luyện số 3: Tìm chút thân quen', 'Nâu Đai', 'https://www.youtube.com/watch?v=vsd4rRAnc74', 'uniform'),
(36, 'Thế đối luyện số 4: Đón khách đầu đường', 'Nâu Đai', 'https://www.youtube.com/watch?v=vsd4rRAnc74', 'uniform'),
(37, 'Thế đối luyện số 5: Hái hoa trên cành', 'Nâu Đai', 'https://www.youtube.com/watch?v=vsd4rRAnc74', 'uniform'),
(38, '(Tự vệ) Phản bóp cổ trước 1', 'Nâu Đai', 'https://www.youtube.com/watch?v=vsd4rRAnc74', 'uniform'),
(39, '(Tự vệ) Phản nắm cổ áo trước 1', 'Nâu Đai', 'https://www.youtube.com/watch?v=vsd4rRAnc74', 'uniform'),
(40, '(Tự vệ) Phản nắm tóc trước 1', 'Nâu Đai', 'https://www.youtube.com/watch?v=vsd4rRAnc74', 'uniform'),
(41, 'Lý thuyết võ đạo', 'Nâu Đai', 'https://www.youtube.com/watch?v=vsd4rRAnc74', 'uniform'),
(42, 'Đường Lang Quyền', 'Cấp 1 - Lam Đai I', 'https://www.youtube.com/watch?v=vsd4rRAnc74', 'uniform'),
(43, 'Căn bản công 36', 'Cấp 1 - Lam Đai I', 'https://www.youtube.com/watch?v=vsd4rRAnc74', 'uniform'),
(44, 'Thế đối luyện số 6: Chia tay mưa rơi', 'Cấp 1 - Lam Đai I', 'https://www.youtube.com/watch?v=vsd4rRAnc74', 'uniform'),
(45, 'Thế đối luyện số 7: Thuận gió bẻ măng', 'Cấp 1 - Lam Đai I', 'https://www.youtube.com/watch?v=vsd4rRAnc74', 'uniform'),
(46, 'Thế đối luyện số 8: Theo chàng về dinh', 'Cấp 1 - Lam Đai I', 'https://www.youtube.com/watch?v=vsd4rRAnc74', 'uniform'),
(47, 'Thế đối luyện số 9: Hái lộc đầu xuân', 'Cấp 1 - Lam Đai I', 'https://www.youtube.com/watch?v=vsd4rRAnc74', 'uniform'),
(48, 'Thế đối luyện số 10: Quét lá sân chùa', 'Cấp 1 - Lam Đai I', 'https://www.youtube.com/watch?v=vsd4rRAnc74', 'uniform'),
(49, '(Tự vệ) Phản bóp cổ trước 2', 'Cấp 1 - Lam Đai I', 'https://www.youtube.com/watch?v=vsd4rRAnc74', 'uniform'),
(50, '(Tự vệ) Phản nắm cổ áo trước 2', 'Cấp 1 - Lam Đai I', 'https://www.youtube.com/watch?v=vsd4rRAnc74', 'uniform'),
(51, '(Tự vệ) Phản nắm tóc trước 2', 'Cấp 1 - Lam Đai I', 'https://www.youtube.com/watch?v=vsd4rRAnc74', 'uniform'),
(52, 'Lý thuyết võ đạo', 'Cấp 1 - Lam Đai I', 'https://www.youtube.com/watch?v=vsd4rRAnc74', 'uniform'),
(53, 'Thế đối luyện số 1: Cơn bão đầu mùa', 'Cấp 2 - Lam Đai II', 'https://www.youtube.com/watch?v=vsd4rRAnc74', 'uniform'),
(54, 'Thế đối luyện số 2: Tiếc một cành hoa', 'Cấp 2 - Lam Đai II', 'https://www.youtube.com/watch?v=vsd4rRAnc74', 'uniform'),
(55, 'Thế đối luyện số 3: Tìm chút thân quen', 'Cấp 2 - Lam Đai II', 'https://www.youtube.com/watch?v=vsd4rRAnc74', 'uniform'),
(56, 'Thế đối luyện số 4: Đón khách đầu đường', 'Cấp 2 - Lam Đai II', 'https://www.youtube.com/watch?v=vsd4rRAnc74', 'uniform'),
(57, 'Thế đối luyện số 5: Hái hoa trên cành', 'Cấp 2 - Lam Đai II', 'https://www.youtube.com/watch?v=vsd4rRAnc74', 'uniform'),
(58, 'Thế đối luyện số 6: Chia tay mưa rơi', 'Cấp 2 - Lam Đai II', 'https://www.youtube.com/watch?v=vsd4rRAnc74', 'uniform'),
(59, 'Thế đối luyện số 7: Thuận gió bẻ măng', 'Cấp 2 - Lam Đai II', 'https://www.youtube.com/watch?v=vsd4rRAnc74', 'uniform'),
(60, 'Thế đối luyện số 8: Theo chàng về dinh', 'Cấp 2 - Lam Đai II', 'https://www.youtube.com/watch?v=vsd4rRAnc74', 'uniform'),
(61, 'Thế đối luyện số 9: Hái lộc đầu xuân', 'Cấp 2 - Lam Đai II', 'https://www.youtube.com/watch?v=vsd4rRAnc74', 'uniform'),
(62, 'Thế đối luyện số 10: Quét lá sân chùa', 'Cấp 2 - Lam Đai II', 'https://www.youtube.com/watch?v=vsd4rRAnc74', 'uniform'),
(63, 'Lý thuyết võ đạo', 'Cấp 2 - Lam Đai II', 'https://www.youtube.com/watch?v=vsd4rRAnc74', 'uniform'),
(64, 'Quyền Tấn Pháp', 'Cấp 3 - Lam Đai III', 'https://www.youtube.com/watch?v=vsd4rRAnc74', 'uniform'),
(65, 'Đường Lang Quyền', 'Cấp 3 - Lam Đai III', 'https://www.youtube.com/watch?v=vsd4rRAnc74', 'uniform'),
(66, 'Trấn Sơn Tất', 'Cấp 3 - Lam Đai III', 'https://www.youtube.com/watch?v=vsd4rRAnc74', 'uniform'),
(67, 'Thế đối luyện số 11: Bỏ về xứ xa', 'Cấp 3 - Lam Đai III', 'https://www.youtube.com/watch?v=vsd4rRAnc74', 'uniform'),
(68, 'Thế đối luyện số 12: Đầy trời mưa hoa', 'Cấp 3 - Lam Đai III', 'https://www.youtube.com/watch?v=vsd4rRAnc74', 'uniform'),
(69, 'Thế đối luyện số 13: Chèo đò trên sông ', 'Cấp 3 - Lam Đai III', 'https://www.youtube.com/watch?v=vsd4rRAnc74', 'uniform'),
(70, 'Thế đối luyện số 14: Vác củi về nhà', 'Cấp 3 - Lam Đai III', 'https://www.youtube.com/watch?v=vsd4rRAnc74', 'uniform'),
(71, 'Thế đối luyện số 15: Giữ khách ở lại', 'Cấp 3 - Lam Đai III', 'https://www.youtube.com/watch?v=vsd4rRAnc74', 'uniform'),
(72, '(Tự vệ) Phản bóp cổ trước 1', 'Cấp 2 - Lam Đai II', 'https://www.youtube.com/watch?v=vsd4rRAnc74', 'uniform'),
(73, '(Tự vệ) Phản nắm cổ áo trước 1', 'Cấp 2 - Lam Đai II', 'https://www.youtube.com/watch?v=vsd4rRAnc74', 'uniform'),
(74, '(Tự vệ) Phản nắm tóc trước 1', 'Cấp 2 - Lam Đai II', 'https://www.youtube.com/watch?v=vsd4rRAnc74', 'uniform'),
(75, '(Tự vệ) Phản bóp cổ trước 3', 'Cấp 2 - Lam Đai II', 'https://www.youtube.com/watch?v=vsd4rRAnc74', 'uniform'),
(76, '(Tự vệ) Phản nắm cổ áo trước 3', 'Cấp 2 - Lam Đai II', 'https://www.youtube.com/watch?v=vsd4rRAnc74', 'uniform'),
(77, '(Tự vệ) Phản nắm tóc trước 3', 'Cấp 2 - Lam Đai II', 'https://www.youtube.com/watch?v=vsd4rRAnc74', 'uniform'),
(78, '(Tự vệ) Phản nắm tóc sau 1', 'Cấp 2 - Lam Đai II', 'https://www.youtube.com/watch?v=vsd4rRAnc74', 'uniform'),
(79, '(Tự vệ) Phản bóp cổ trước 2', 'Cấp 2 - Lam Đai II', 'https://www.youtube.com/watch?v=vsd4rRAnc74', 'uniform'),
(80, '(Tự vệ) Phản nắm cổ áo trước 2', 'Cấp 2 - Lam Đai II', 'https://www.youtube.com/watch?v=vsd4rRAnc74', 'uniform'),
(81, '(Tự vệ) Phản nắm tóc trước 2', 'Cấp 2 - Lam Đai II', 'https://www.youtube.com/watch?v=vsd4rRAnc74', 'uniform'),
(82, '(Tự vệ) Phản bóp cổ trước 1', 'Cấp 1 - Lam Đai I', 'https://www.youtube.com/watch?v=vsd4rRAnc74', 'uniform'),
(83, '(Tự vệ) Phản nắm cổ áo trước 1', 'Cấp 1 - Lam Đai I', 'https://www.youtube.com/watch?v=vsd4rRAnc74', 'uniform'),
(84, '(Tự vệ) Phản nắm tóc trước 1', 'Cấp 1 - Lam Đai I', 'https://www.youtube.com/watch?v=vsd4rRAnc74', 'uniform'),
(85, 'Thế đối luyện số 1: Cơn bão đầu mùa', 'Cấp 1 - Lam Đai I', 'https://www.youtube.com/watch?v=vsd4rRAnc74', 'uniform'),
(86, 'Thế đối luyện số 2: Tiếc một cành hoa', 'Cấp 1 - Lam Đai I', 'https://www.youtube.com/watch?v=vsd4rRAnc74', 'uniform'),
(87, 'Thế đối luyện số 3: Tìm chút thân quen', 'Cấp 1 - Lam Đai I', 'https://www.youtube.com/watch?v=vsd4rRAnc74', 'uniform'),
(88, 'Thế đối luyện số 4: Đón khách đầu đường', 'Cấp 1 - Lam Đai I', 'https://www.youtube.com/watch?v=vsd4rRAnc74', 'uniform'),
(89, 'Thế đối luyện số 5: Hái hoa trên cành', 'Cấp 1 - Lam Đai I', 'https://www.youtube.com/watch?v=vsd4rRAnc74', 'uniform'),
(90, 'Thế đối luyện số 1: Cơn bão đầu mùa', 'Cấp 3 - Lam Đai III', 'https://www.youtube.com/watch?v=vsd4rRAnc74', 'uniform'),
(91, 'Thế đối luyện số 2: Tiếc một cành hoa', 'Cấp 3 - Lam Đai III', 'https://www.youtube.com/watch?v=vsd4rRAnc74', 'uniform'),
(92, 'Thế đối luyện số 3: Tìm chút thân quen', 'Cấp 3 - Lam Đai III', 'https://www.youtube.com/watch?v=vsd4rRAnc74', 'uniform'),
(93, 'Thế đối luyện số 4: Đón khách đầu đường', 'Cấp 3 - Lam Đai III', 'https://www.youtube.com/watch?v=vsd4rRAnc74', 'uniform'),
(94, 'Thế đối luyện số 5: Hái hoa trên cành', 'Cấp 3 - Lam Đai III', 'https://www.youtube.com/watch?v=vsd4rRAnc74', 'uniform'),
(95, 'Thế đối luyện số 6: Chia tay mưa rơi', 'Cấp 3 - Lam Đai III', 'https://www.youtube.com/watch?v=vsd4rRAnc74', 'uniform'),
(96, 'Thế đối luyện số 7: Thuận gió bẻ măng', 'Cấp 3 - Lam Đai III', 'https://www.youtube.com/watch?v=vsd4rRAnc74', 'uniform'),
(97, 'Thế đối luyện số 8: Theo chàng về dinh', 'Cấp 3 - Lam Đai III', 'https://www.youtube.com/watch?v=vsd4rRAnc74', 'uniform'),
(98, 'Thế đối luyện số 9: Hái lộc đầu xuân', 'Cấp 3 - Lam Đai III', 'https://www.youtube.com/watch?v=vsd4rRAnc74', 'uniform'),
(99, 'Thế đối luyện số 10: Quét lá sân chùa', 'Cấp 3 - Lam Đai III', 'https://www.youtube.com/watch?v=vsd4rRAnc74', 'uniform'),
(100, '(Tự vệ) Phản bóp cổ trước 1', 'Cấp 3 - Lam Đai III', 'https://www.youtube.com/watch?v=vsd4rRAnc74', 'uniform'),
(101, '(Tự vệ) Phản bóp cổ trước 2 ', 'Cấp 3 - Lam Đai III', 'https://www.youtube.com/watch?v=vsd4rRAnc74', 'uniform'),
(102, '(Tự vệ) Phản nắm cổ áo trước 1', 'Cấp 3 - Lam Đai III', 'https://www.youtube.com/watch?v=vsd4rRAnc74', 'uniform'),
(103, '(Tự vệ) Phản nắm cổ áo trước 2', 'Cấp 3 - Lam Đai III', 'https://www.youtube.com/watch?v=vsd4rRAnc74', 'uniform'),
(104, '(Tự vệ) Phản nắm tóc trước 1', 'Cấp 3 - Lam Đai III', 'https://www.youtube.com/watch?v=vsd4rRAnc74', 'uniform'),
(105, '(Tự vệ) Phản nắm tóc trước 2', 'Cấp 3 - Lam Đai III', 'https://www.youtube.com/watch?v=vsd4rRAnc74', 'uniform'),
(106, '(Tự vệ) Phản nắm cổ áo trước 3', 'Cấp 3 - Lam Đai III', 'https://www.youtube.com/watch?v=vsd4rRAnc74', 'uniform'),
(107, '(Tự vệ) Phản nắm tóc trước 3', 'Cấp 3 - Lam Đai III', 'https://www.youtube.com/watch?v=vsd4rRAnc74', 'uniform'),
(108, '(Tự vệ) Phản bóp cổ trước 3', 'Cấp 3 - Lam Đai III', 'https://www.youtube.com/watch?v=vsd4rRAnc74', 'uniform'),
(109, '(Tự vệ) Phản nắm tóc sau 1', 'Cấp 3 - Lam Đai III', 'https://www.youtube.com/watch?v=vsd4rRAnc74', 'uniform'),
(110, 'Lý thuyết võ đạo', 'Cấp 3 - Lam Đai III', 'https://www.youtube.com/watch?v=vsd4rRAnc74', 'uniform'),
(111, 'Căn bản côn', 'Cấp 4 - Lam Đai IV', 'https://www.youtube.com/watch?v=vsd4rRAnc74', 'uniform'),
(112, '(Tự vệ) Phản bóp cổ trước 1', 'Cấp 4 - Lam Đai IV', 'https://www.youtube.com/watch?v=vsd4rRAnc74', 'uniform'),
(113, '(Tự vệ) Phản bóp cổ trước 2', 'Cấp 4 - Lam Đai IV', 'https://www.youtube.com/watch?v=vsd4rRAnc74', 'uniform'),
(114, '(Tự vệ) Phản nắm cổ áo trước 1', 'Cấp 4 - Lam Đai IV', 'https://www.youtube.com/watch?v=vsd4rRAnc74', 'uniform'),
(115, '(Tự vệ) Phản nắm cổ áo trước 2', 'Cấp 4 - Lam Đai IV', 'https://www.youtube.com/watch?v=vsd4rRAnc74', 'uniform'),
(116, '(Tự vệ) Phản nắm tóc trước 1', 'Cấp 4 - Lam Đai IV', 'https://www.youtube.com/watch?v=vsd4rRAnc74', 'uniform'),
(117, '(Tự vệ) Phản nắm tóc trước 2', 'Cấp 4 - Lam Đai IV', 'https://www.youtube.com/watch?v=vsd4rRAnc74', 'uniform'),
(118, '(Tự vệ) Phản bóp cổ trước 3', 'Cấp 4 - Lam Đai IV', 'https://www.youtube.com/watch?v=vsd4rRAnc74', 'uniform'),
(119, '(Tự vệ) Phản nắm cổ áo trước 3', 'Cấp 4 - Lam Đai IV', 'https://www.youtube.com/watch?v=vsd4rRAnc74', 'uniform'),
(120, '(Tự vệ) Phản nắm tóc trước 3', 'Cấp 4 - Lam Đai IV', 'https://www.youtube.com/watch?v=vsd4rRAnc74', 'uniform'),
(121, '(Tự vệ) Phản nắm tóc sau 1', 'Cấp 4 - Lam Đai IV', 'https://www.youtube.com/watch?v=vsd4rRAnc74', 'uniform'),
(122, 'Lý thuyết võ đạo', 'Cấp 4 - Lam Đai IV', 'https://www.youtube.com/watch?v=vsd4rRAnc74', 'uniform'),
(123, 'Thế đối luyện số 1: Cơn bão đầu mùa', 'Cấp 4 - Lam Đai IV', 'https://www.youtube.com/watch?v=vsd4rRAnc74', 'uniform'),
(124, 'Thế đối luyện số 2: Tiếc một cành hoa', 'Cấp 4 - Lam Đai IV', 'https://www.youtube.com/watch?v=vsd4rRAnc74', 'uniform'),
(125, 'Thế đối luyện số 3: Tìm chút thân quen', 'Cấp 4 - Lam Đai IV', 'https://www.youtube.com/watch?v=vsd4rRAnc74', 'uniform'),
(126, 'Thế đối luyện số 4: Đón khách đầu đường', 'Cấp 4 - Lam Đai IV', 'https://www.youtube.com/watch?v=vsd4rRAnc74', 'uniform'),
(127, 'Thế đối luyện số 5: Hái hoa trên cành', 'Cấp 4 - Lam Đai IV', 'https://www.youtube.com/watch?v=vsd4rRAnc74', 'uniform'),
(128, 'Thế đối luyện số 6: Chia tay mưa rơi', 'Cấp 4 - Lam Đai IV', 'https://www.youtube.com/watch?v=vsd4rRAnc74', 'uniform'),
(129, 'Thế đối luyện số 7: Thuận gió bẻ măng', 'Cấp 4 - Lam Đai IV', 'https://www.youtube.com/watch?v=vsd4rRAnc74', 'uniform'),
(130, 'Thế đối luyện số 8: Theo chàng về dinh', 'Cấp 4 - Lam Đai IV', 'https://www.youtube.com/watch?v=vsd4rRAnc74', 'uniform'),
(131, 'Thế đối luyện số 9: Hái lộc đầu xuân', 'Cấp 4 - Lam Đai IV', 'https://www.youtube.com/watch?v=vsd4rRAnc74', 'uniform'),
(132, 'Thế đối luyện số 10: Quét lá sân chùa', 'Cấp 4 - Lam Đai IV', 'https://www.youtube.com/watch?v=vsd4rRAnc74', 'uniform'),
(133, 'Thế đối luyện số 11: Bỏ về xứ xa', 'Cấp 4 - Lam Đai IV', 'https://www.youtube.com/watch?v=vsd4rRAnc74', 'uniform'),
(134, 'Thế đối luyện số 12: Đầy trời mưa hoa', 'Cấp 4 - Lam Đai IV', 'https://www.youtube.com/watch?v=vsd4rRAnc74', 'uniform'),
(135, 'Thế đối luyện số 13: Chèo đò trên sông', 'Cấp 4 - Lam Đai IV', 'https://www.youtube.com/watch?v=vsd4rRAnc74', 'uniform'),
(136, 'Thế đối luyện số 14: Vác củi về nhà', 'Cấp 4 - Lam Đai IV', 'https://www.youtube.com/watch?v=vsd4rRAnc74', 'uniform'),
(137, 'Thế đối luyện số 15: Giữ khách ở lại', 'Cấp 4 - Lam Đai IV', 'https://www.youtube.com/watch?v=vsd4rRAnc74', 'uniform'),
(138, 'Ngọc Trản Quyền', 'Cấp 5 - Lục Đai I', 'https://www.youtube.com/watch?v=vsd4rRAnc74', 'federation'),
(139, '(Song luyện) Mãnh hổ tọa sơn', 'Cấp 5 - Lục Đai I', 'https://www.youtube.com/watch?v=vsd4rRAnc74', 'uniform'),
(140, 'Đường Lang Quyền', 'Cấp 5 - Lục Đai I', 'https://www.youtube.com/watch?v=vsd4rRAnc74', 'federation'),
(141, 'Trấn Sơn Tất', 'Cấp 5 - Lục Đai I', 'https://www.youtube.com/watch?v=vsd4rRAnc74', 'federation'),
(142, 'Lãng khách du xuân', 'Cấp 5 - Lục Đai I', 'https://www.youtube.com/watch?v=vsd4rRAnc74', 'federation'),
(143, 'Thế đối luyện số 16: Quấn quýt dây leo', 'Cấp 5 - Lục Đai I', 'https://www.youtube.com/watch?v=vsd4rRAnc74', 'uniform'),
(144, 'Thế đối luyện số 17: Cắm sào chờ gió', 'Cấp 5 - Lục Đai I', 'https://www.youtube.com/watch?v=vsd4rRAnc74', 'federation'),
(145, 'Thế đối luyện số 18: Bầy gà tìm mẹ', 'Cấp 5 - Lục Đai I', 'https://www.youtube.com/watch?v=vsd4rRAnc74', 'federation'),
(146, 'Thế đối luyện số 19: Ấm áp tình xuân', 'Cấp 5 - Lục Đai I', 'https://www.youtube.com/watch?v=vsd4rRAnc74', 'uniform'),
(147, 'Thế đối luyện số 20: Hỏi lại cố nhân', 'Cấp 5 - Lục Đai I', 'https://www.youtube.com/watch?v=vsd4rRAnc74', 'uniform'),
(148, 'Lý thuyết võ đạo', 'Cấp 5 - Lục Đai I', 'https://www.youtube.com/watch?v=vsd4rRAnc74', 'uniform'),
(149, 'Thế đối luyện số 1: Cơn bão đầu mùa', 'Cấp 5 - Lục Đai I', 'https://www.youtube.com/watch?v=vsd4rRAnc74', 'uniform'),
(150, 'Thế đối luyện số 2: Tiếc một cành hoa', 'Cấp 5 - Lục Đai I', 'https://www.youtube.com/watch?v=vsd4rRAnc74', 'uniform'),
(151, 'Thế đối luyện số 3: Tìm chút thân quen', 'Cấp 5 - Lục Đai I', 'https://www.youtube.com/watch?v=vsd4rRAnc74', 'uniform'),
(152, 'Thế đối luyện số 4: Đón khách đầu đường', 'Cấp 5 - Lục Đai I', 'https://www.youtube.com/watch?v=vsd4rRAnc74', 'uniform'),
(153, 'Thế đối luyện số 5: Hái hoa trên cành', 'Cấp 5 - Lục Đai I', 'https://www.youtube.com/watch?v=vsd4rRAnc74', 'uniform'),
(154, 'Thế đối luyện số 6: Chia tay mưa rơi', 'Cấp 5 - Lục Đai I', 'https://www.youtube.com/watch?v=vsd4rRAnc74', 'uniform'),
(155, 'Thế đối luyện số 7: Thuận gió bẻ măng', 'Cấp 5 - Lục Đai I', 'https://www.youtube.com/watch?v=vsd4rRAnc74', 'uniform'),
(156, 'Thế đối luyện số 8: Theo chàng về dinh', 'Cấp 5 - Lục Đai I', 'https://www.youtube.com/watch?v=vsd4rRAnc74', 'uniform'),
(157, 'Thế đối luyện số 9: Hái lộc đầu xuân', 'Cấp 5 - Lục Đai I', 'https://www.youtube.com/watch?v=vsd4rRAnc74', 'uniform'),
(158, 'Thế đối luyện số 10: Quét lá sân chùa', 'Cấp 5 - Lục Đai I', 'https://www.youtube.com/watch?v=vsd4rRAnc74', 'uniform'),
(159, 'Thế đối luyện số 11: Bỏ về xứ xa', 'Cấp 5 - Lục Đai I', 'https://www.youtube.com/watch?v=vsd4rRAnc74', 'uniform'),
(160, 'Thế đối luyện số 12: Đầy trời mưa hoa', 'Cấp 5 - Lục Đai I', 'https://www.youtube.com/watch?v=vsd4rRAnc74', 'uniform'),
(161, 'Thế đối luyện số 13: Chèo đò trên sông', 'Cấp 5 - Lục Đai I', 'https://www.youtube.com/watch?v=vsd4rRAnc74', 'uniform'),
(162, 'Thế đối luyện số 14: Vác củi về nhà', 'Cấp 5 - Lục Đai I', 'https://www.youtube.com/watch?v=vsd4rRAnc74', 'uniform'),
(163, 'Thế đối luyện số 15: Giữ khách ở lại', 'Cấp 5 - Lục Đai I', 'https://www.youtube.com/watch?v=vsd4rRAnc74', 'uniform'),
(164, '(Tự vệ) Phản bóp cổ trước 1', 'Cấp 5 - Lục Đai I', 'https://www.youtube.com/watch?v=vsd4rRAnc74', 'uniform'),
(165, '(Tự vệ) Phản bóp cổ trước 2', 'Cấp 5 - Lục Đai I', 'https://www.youtube.com/watch?v=vsd4rRAnc74', 'uniform'),
(166, '(Tự vệ) Phản nắm cổ áo trước 1', 'Cấp 5 - Lục Đai I', 'https://www.youtube.com/watch?v=vsd4rRAnc74', 'uniform'),
(167, '(Tự vệ) Phản nắm cổ áo trước 2', 'Cấp 5 - Lục Đai I', 'https://www.youtube.com/watch?v=vsd4rRAnc74', 'uniform'),
(168, '(Tự vệ) Phản nắm tóc trước 1', 'Cấp 5 - Lục Đai I', 'https://www.youtube.com/watch?v=vsd4rRAnc74', 'uniform'),
(169, '(Tự vệ) Phản nắm tóc trước 2', 'Cấp 5 - Lục Đai I', 'https://www.youtube.com/watch?v=vsd4rRAnc74', 'uniform'),
(170, '(Tự vệ) Phản bóp cổ trước 3', 'Cấp 5 - Lục Đai I', 'https://www.youtube.com/watch?v=vsd4rRAnc74', 'uniform'),
(171, '(Tự vệ) Phản nắm cổ áo trước 3', 'Cấp 5 - Lục Đai I', 'https://www.youtube.com/watch?v=vsd4rRAnc74', 'uniform'),
(172, '(Tự vệ) Phản nắm tóc trước 3', 'Cấp 5 - Lục Đai I', 'https://www.youtube.com/watch?v=vsd4rRAnc74', 'uniform'),
(173, '(Tự vệ) Phản nắm tóc sau 1', 'Cấp 5 - Lục Đai I', 'https://www.youtube.com/watch?v=vsd4rRAnc74', 'uniform'),
(177, '12/1. Thân pháp - Phi ngư', 'Cấp 4 - Lam Đai IV', 'https://www.youtube.com/watch?v=vsd4rRAnc74', 'uniform'),
(178, '12/1. Thân pháp - Phi ngư', 'Cấp 5 - Lục Đai I', 'https://www.youtube.com/watch?v=vsd4rRAnc74', 'uniform'),
(179, 'Thế đối luyện số 21: Trông ngóng người đi', 'Cấp 6 - Lục Đai II', 'https://www.youtube.com/watch?v=vsd4rRAnc74', 'uniform'),
(180, 'Thế đối luyện số 22: Đốn củi ngoài sân', 'Cấp 6 - Lục Đai II', 'https://www.youtube.com/watch?v=vsd4rRAnc74', 'uniform'),
(181, 'Thế đối luyện số 23: Mục đồng giỡn trâu', 'Cấp 6 - Lục Đai II', 'https://www.youtube.com/watch?v=vsd4rRAnc74', 'uniform'),
(182, 'Thế đối luyện số 24: Mở cửa đón trăng', 'Cấp 6 - Lục Đai II', 'https://www.youtube.com/watch?v=vsd4rRAnc74', 'uniform'),
(183, 'Thế đối luyện số 25: Mời khách sang sông', 'Cấp 6 - Lục Đai II', 'https://www.youtube.com/watch?v=vsd4rRAnc74', 'uniform'),
(184, 'Mãn Thiên Hoa Vũ', 'Cấp 6 - Lục Đai II', 'https://www.youtube.com/watch?v=vsd4rRAnc74', 'uniform'),
(185, 'Hùng Kê Quyền', 'Cấp 6 - Lục Đai II', 'https://www.youtube.com/watch?v=vsd4rRAnc74', 'uniform'),
(186, '(Song luyện) Thất bộ côn', 'Cấp 6 - Lục Đai II', 'https://www.youtube.com/watch?v=vsd4rRAnc74', 'uniform'),
(187, 'Thế đối luyện số 1: Cơn bão đầu mùa', 'Cấp 6 - Lục Đai II', 'https://www.youtube.com/watch?v=vsd4rRAnc74', 'uniform'),
(188, 'Thế đối luyện số 2: Tiếc một cành hoa', 'Cấp 6 - Lục Đai II', 'https://www.youtube.com/watch?v=vsd4rRAnc74', 'uniform'),
(189, 'Thế đối luyện số 3: Tìm chút thân quen', 'Cấp 6 - Lục Đai II', 'https://www.youtube.com/watch?v=vsd4rRAnc74', 'uniform'),
(190, 'Thế đối luyện số 4: Đón khách đầu đường', 'Cấp 6 - Lục Đai II', 'https://www.youtube.com/watch?v=vsd4rRAnc74', 'uniform'),
(191, 'Thế đối luyện số 5: Hái hoa trên cành', 'Cấp 6 - Lục Đai II', 'https://www.youtube.com/watch?v=vsd4rRAnc74', 'uniform'),
(192, 'Thế đối luyện số 6: Chia tay mưa rơi', 'Cấp 6 - Lục Đai II', 'https://www.youtube.com/watch?v=vsd4rRAnc74', 'uniform'),
(193, 'Thế đối luyện số 7: Thuận gió bẻ măng', 'Cấp 6 - Lục Đai II', 'https://www.youtube.com/watch?v=vsd4rRAnc74', 'uniform'),
(194, 'Thế đối luyện số 8: Theo chàng về dinh', 'Cấp 6 - Lục Đai II', 'https://www.youtube.com/watch?v=vsd4rRAnc74', 'uniform'),
(195, 'Thế đối luyện số 9: Hái lộc đầu xuân', 'Cấp 6 - Lục Đai II', 'https://www.youtube.com/watch?v=vsd4rRAnc74', 'uniform'),
(196, 'Thế đối luyện số 10: Quét lá sân chùa', 'Cấp 6 - Lục Đai II', 'https://www.youtube.com/watch?v=vsd4rRAnc74', 'uniform'),
(197, 'Thế đối luyện số 11: Bỏ về xứ xa', 'Cấp 6 - Lục Đai II', 'https://www.youtube.com/watch?v=vsd4rRAnc74', 'uniform'),
(198, 'Thế đối luyện số 12: Đầy trời mưa hoa', 'Cấp 6 - Lục Đai II', 'https://www.youtube.com/watch?v=vsd4rRAnc74', 'uniform'),
(199, 'Thế đối luyện số 13: Chèo đò trên sông', 'Cấp 6 - Lục Đai II', 'https://www.youtube.com/watch?v=vsd4rRAnc74', 'uniform'),
(200, 'Thế đối luyện số 14: Vác củi về nhà', 'Cấp 6 - Lục Đai II', 'https://www.youtube.com/watch?v=vsd4rRAnc74', 'uniform'),
(201, 'Thế đối luyện số 15: Giữ khách ở lại', 'Cấp 6 - Lục Đai II', 'https://www.youtube.com/watch?v=vsd4rRAnc74', 'uniform'),
(202, 'Thế đối luyện số 16: Quấn quýt dây leo', 'Cấp 6 - Lục Đai II', 'https://www.youtube.com/watch?v=vsd4rRAnc74', 'uniform'),
(203, 'Thế đối luyện số 17: Cắm sào chờ gió', 'Cấp 6 - Lục Đai II', 'https://www.youtube.com/watch?v=vsd4rRAnc74', 'uniform'),
(204, 'Thế đối luyện số 18: Bầy gà tìm mẹ', 'Cấp 6 - Lục Đai II', 'https://www.youtube.com/watch?v=vsd4rRAnc74', 'uniform'),
(205, 'Thế đối luyện số 19: Ấm áp tình xuân', 'Cấp 6 - Lục Đai II', 'https://www.youtube.com/watch?v=vsd4rRAnc74', 'uniform'),
(206, 'Thế đối luyện số 20: Hỏi lại cố nhân', 'Cấp 6 - Lục Đai II', 'https://www.youtube.com/watch?v=vsd4rRAnc74', 'uniform'),
(207, '(Tự vệ) Phản bóp cổ trước 1', 'Cấp 6 - Lục Đai II', 'https://www.youtube.com/watch?v=vsd4rRAnc74', 'uniform'),
(208, '(Tự vệ) Phản bóp cổ trước 2', 'Cấp 6 - Lục Đai II', 'https://www.youtube.com/watch?v=vsd4rRAnc74', 'uniform'),
(209, '(Tự vệ) Phản bóp cổ trước 3', 'Cấp 6 - Lục Đai II', 'https://www.youtube.com/watch?v=vsd4rRAnc74', 'uniform'),
(210, '(Tự vệ) Phản nắm cổ áo trước 1', 'Cấp 6 - Lục Đai II', 'https://www.youtube.com/watch?v=vsd4rRAnc74', 'uniform'),
(211, '(Tự vệ) Phản nắm cổ áo trước 2', 'Cấp 6 - Lục Đai II', 'https://www.youtube.com/watch?v=vsd4rRAnc74', 'uniform'),
(212, '(Tự vệ) Phản nắm cổ áo trước 3', 'Cấp 6 - Lục Đai II', 'https://www.youtube.com/watch?v=vsd4rRAnc74', 'uniform'),
(213, '(Tự vệ) Phản nắm tóc trước 1', 'Cấp 6 - Lục Đai II', 'https://www.youtube.com/watch?v=vsd4rRAnc74', 'uniform'),
(214, '(Tự vệ) Phản nắm tóc trước 2', 'Cấp 6 - Lục Đai II', 'https://www.youtube.com/watch?v=vsd4rRAnc74', 'uniform'),
(215, '(Tự vệ) Phản nắm tóc trước 3', 'Cấp 6 - Lục Đai II', 'https://www.youtube.com/watch?v=vsd4rRAnc74', 'uniform'),
(216, '(Tự vệ) Phản nắm tóc sau 1', 'Cấp 6 - Lục Đai II', 'https://www.youtube.com/watch?v=vsd4rRAnc74', 'uniform'),
(217, '12/2. Thân pháp - Lăn vai sau', 'Cấp 4 - Lam Đai IV', 'https://www.youtube.com/watch?v=vsd4rRAnc74', 'uniform'),
(218, '12/3. Thân pháp - Té sấp', 'Cấp 4 - Lam Đai IV', 'https://www.youtube.com/watch?v=vsd4rRAnc74', 'uniform'),
(219, '12/4. Thân pháp - Bật tôm', 'Cấp 4 - Lam Đai IV', 'https://www.youtube.com/watch?v=vsd4rRAnc74', 'uniform'),
(220, '12/5. Thân pháp - Té nghiêng trái', 'Cấp 4 - Lam Đai IV', 'https://www.youtube.com/watch?v=vsd4rRAnc74', 'uniform'),
(221, '12/6. Thân pháp - Té nghiêng phải', 'Cấp 4 - Lam Đai IV', 'https://www.youtube.com/watch?v=vsd4rRAnc74', 'uniform'),
(222, '12/7. Thân pháp - Té nổ', 'Cấp 4 - Lam Đai IV', 'https://www.youtube.com/watch?v=vsd4rRAnc74', 'uniform'),
(223, '12/8. Thân pháp - Đá xoắn', 'Cấp 4 - Lam Đai IV', 'https://www.youtube.com/watch?v=vsd4rRAnc74', 'uniform'),
(224, '12/9. Thân pháp - Đá lăn lưng', 'Cấp 4 - Lam Đai IV', 'https://www.youtube.com/watch?v=vsd4rRAnc74', 'uniform'),
(225, '12/10. Thân pháp - Đá lăn bụng', 'Cấp 4 - Lam Đai IV', 'https://www.youtube.com/watch?v=vsd4rRAnc74', 'uniform'),
(226, '12/11. Thân pháp - Lăn bánh xe', 'Cấp 4 - Lam Đai IV', 'https://www.youtube.com/watch?v=vsd4rRAnc74', 'uniform'),
(227, ' 12/12. Thân pháp - Santo trước', 'Cấp 4 - Lam Đai IV', 'https://www.youtube.com/watch?v=vsd4rRAnc74', 'uniform'),
(228, '12/2. Thân pháp - Lăn vai sau', 'Cấp 5 - Lục Đai I', '', 'uniform'),
(229, '12/3. Thân pháp - Té sấp', 'Cấp 5 - Lục Đai I', 'https://www.youtube.com/watch?v=vsd4rRAnc74', 'uniform'),
(230, '12/4. Thân pháp - Bật tôm', 'Cấp 5 - Lục Đai I', 'https://www.youtube.com/watch?v=vsd4rRAnc74', 'uniform'),
(231, '12/5. Thân pháp - Té nghiêng trái', 'Cấp 5 - Lục Đai I', 'https://www.youtube.com/watch?v=vsd4rRAnc74', 'uniform'),
(232, '12/6. Thân pháp - Té nghiêng phải', 'Cấp 5 - Lục Đai I', 'https://www.youtube.com/watch?v=vsd4rRAnc74', 'uniform'),
(233, '12/7. Thân pháp - Té nổ', 'Cấp 5 - Lục Đai I', 'https://www.youtube.com/watch?v=vsd4rRAnc74', 'uniform'),
(234, '12/8. Thân pháp - Đá xoắn', 'Cấp 5 - Lục Đai I', 'https://www.youtube.com/watch?v=vsd4rRAnc74', 'uniform'),
(235, '12/9. Thân pháp - Đá lăn lưng', 'Cấp 5 - Lục Đai I', 'https://www.youtube.com/watch?v=vsd4rRAnc74', 'uniform'),
(236, '12/10. Thân pháp - Đá lăn bụng', 'Cấp 5 - Lục Đai I', 'https://www.youtube.com/watch?v=vsd4rRAnc74', 'uniform'),
(237, '12/11. Thân pháp - Lăn bánh xe', 'Cấp 5 - Lục Đai I', 'https://www.youtube.com/watch?v=vsd4rRAnc74', 'uniform'),
(238, '12/12. Thân pháp - Santo trước', 'Cấp 5 - Lục Đai I', 'https://www.youtube.com/watch?v=vsd4rRAnc74', 'uniform'),
(239, '12/1. Thân pháp - Phi ngư', 'Cấp 7 - Lục Đai III', 'https://www.youtube.com/watch?v=vsd4rRAnc74', 'uniform'),
(240, '12/2. Thân pháp - Lăn vai sau', 'Cấp 7 - Lục Đai III', 'https://www.youtube.com/watch?v=vsd4rRAnc74', 'uniform'),
(241, '12/3. Thân pháp - Té sấp', 'Cấp 7 - Lục Đai III', 'https://www.youtube.com/watch?v=vsd4rRAnc74', 'uniform'),
(242, '12/4. Thân pháp - Bật tôm', 'Cấp 7 - Lục Đai III', 'https://www.youtube.com/watch?v=vsd4rRAnc74', 'uniform'),
(243, '12/5. Thân pháp - Té nghiêng trái', 'Cấp 7 - Lục Đai III', 'https://www.youtube.com/watch?v=vsd4rRAnc74', 'uniform'),
(244, '12/6. Thân pháp - Té nghiêng phải', 'Cấp 7 - Lục Đai III', 'https://www.youtube.com/watch?v=vsd4rRAnc74', 'uniform'),
(245, '12/7. Thân pháp - Té nổ', 'Cấp 7 - Lục Đai III', 'https://www.youtube.com/watch?v=vsd4rRAnc74', 'uniform'),
(246, '12/8. Thân pháp - Đá xoắn', 'Cấp 7 - Lục Đai III', 'https://www.youtube.com/watch?v=vsd4rRAnc74', 'uniform'),
(247, '12/9. Thân pháp - Đá lăn lưng', 'Cấp 6 - Lục Đai II', 'https://www.youtube.com/watch?v=vsd4rRAnc74', 'uniform'),
(248, '12/10. Thân pháp - Đá lăn bụng', 'Cấp 7 - Lục Đai III', 'https://www.youtube.com/watch?v=vsd4rRAnc74', 'uniform'),
(249, '12/2. Thân pháp - Lăn vai sau', 'Cấp 6 - Lục Đai II', 'https://www.youtube.com/watch?v=vsd4rRAnc74', 'uniform'),
(250, '12/3. Thân pháp - Té sấp', 'Cấp 6 - Lục Đai II', 'https://www.youtube.com/watch?v=vsd4rRAnc74', 'uniform'),
(251, '12/7. Thân pháp - Té nổ', 'Cấp 6 - Lục Đai II', 'https://www.youtube.com/watch?v=vsd4rRAnc74', 'uniform'),
(252, '12/8. Thân pháp - Đá xoắn', 'Cấp 6 - Lục Đai II', 'https://www.youtube.com/watch?v=vsd4rRAnc74', 'uniform'),
(253, '12/10. Thân pháp - Đá lăn bụng', 'Cấp 6 - Lục Đai II', 'https://www.youtube.com/watch?v=vsd4rRAnc74', 'uniform'),
(254, '12/11. Thân pháp - Lăn bánh xe', 'Cấp 6 - Lục Đai II', 'https://www.youtube.com/watch?v=vsd4rRAnc74', 'uniform'),
(255, '12/12. Thân pháp - Santo trước', 'Cấp 6 - Lục Đai II', 'https://www.youtube.com/watch?v=vsd4rRAnc74', 'uniform'),
(256, '12/1. Thân pháp - Phi ngư', 'Cấp 6 - Lục Đai II', 'https://www.youtube.com/watch?v=vsd4rRAnc74', 'uniform'),
(257, '12/4. Thân pháp - Bật tôm', 'Cấp 6 - Lục Đai II', 'https://www.youtube.com/watch?v=vsd4rRAnc74', 'uniform'),
(258, '12/5. Thân pháp - Té nghiêng trái', 'Cấp 6 - Lục Đai II', 'https://www.youtube.com/watch?v=vsd4rRAnc74', 'uniform'),
(259, '12/6. Thân pháp - Té nghiêng phải', 'Cấp 6 - Lục Đai II', 'https://www.youtube.com/watch?v=vsd4rRAnc74', 'uniform'),
(260, '12/9. Thân pháp - Đá lăn lưng', 'Cấp 7 - Lục Đai III', 'https://www.youtube.com/watch?v=vsd4rRAnc74', 'uniform'),
(261, '12/11. Thân pháp - Lăn bánh xe', 'Cấp 7 - Lục Đai III', 'https://www.youtube.com/watch?v=vsd4rRAnc74', 'uniform'),
(262, '12/12. Thân pháp - Santo trước', 'Cấp 7 - Lục Đai III', 'https://www.youtube.com/watch?v=vsd4rRAnc74', 'uniform'),
(263, 'Lão Mai Quyền', 'Cấp 7 - Lục Đai III', 'https://www.youtube.com/watch?v=vsd4rRAnc74', 'uniform'),
(264, 'Long Hổ Song Hình Quyền', 'Cấp 7 - Lục Đai III', 'https://www.youtube.com/watch?v=vsd4rRAnc74', 'uniform'),
(265, 'Song luyện PQQ 1', 'Cấp 7 - Lục Đai III', 'https://www.youtube.com/watch?v=vsd4rRAnc74', 'uniform'),
(266, 'Thế đối luyện số 26: Nâng một cành hoa', 'Cấp 7 - Lục Đai III', 'https://www.youtube.com/watch?v=vsd4rRAnc74', 'uniform'),
(267, 'Thế đối luyện số 27: Quỳ lạy Đất Trời', 'Cấp 7 - Lục Đai III', 'https://www.youtube.com/watch?v=vsd4rRAnc74', 'uniform'),
(268, 'Thế đối luyện số 28: Vào vườn ngắm hoa', 'Cấp 7 - Lục Đai III', 'https://www.youtube.com/watch?v=vsd4rRAnc74', 'uniform'),
(269, 'Thế đối luyện số 29: Én lượn mùa xuân', 'Cấp 7 - Lục Đai III', 'https://www.youtube.com/watch?v=vsd4rRAnc74', 'uniform'),
(270, 'Thế đối luyện số 30: Đôi chim bay lên', 'Cấp 7 - Lục Đai III', 'https://www.youtube.com/watch?v=vsd4rRAnc74', 'uniform'),
(271, 'Lý thuyết võ đạo', 'Cấp 7 - Lục Đai III', 'https://www.youtube.com/watch?v=vsd4rRAnc74', 'uniform'),
(272, 'Thanh Long Độc Kiếm', 'Cấp 8 - Lục Đai IV', 'https://www.youtube.com/watch?v=vsd4rRAnc74', 'federation'),
(273, 'Phật Quang Chấn Môn Quyền', 'Cấp 8 - Lục Đai IV', 'https://www.youtube.com/watch?v=vsd4rRAnc74', 'uniform'),
(274, 'Đường Lang Quyền', 'Cấp 8 - Lục Đai IV', 'https://www.youtube.com/watch?v=vsd4rRAnc74', 'uniform'),
(275, 'Trấn Sơn Tất', 'Cấp 8 - Lục Đai IV', 'https://www.youtube.com/watch?v=vsd4rRAnc74', 'uniform'),
(276, 'Lãng Khách Du Xuân', 'Cấp 8 - Lục Đai IV', 'https://www.youtube.com/watch?v=vsd4rRAnc74', 'uniform'),
(277, 'Mãn Thiên Hoa Vũ', 'Cấp 8 - Lục Đai IV', 'https://www.youtube.com/watch?v=vsd4rRAnc74', 'uniform'),
(278, '12/1. Thân pháp - Phi ngư', 'Cấp 8 - Lục Đai IV', 'https://www.youtube.com/watch?v=vsd4rRAnc74', 'uniform'),
(279, '12/2. Thân pháp - Lăn vai sau', 'Cấp 8 - Lục Đai IV', 'https://www.youtube.com/watch?v=vsd4rRAnc74', 'uniform'),
(280, '12/3. Thân pháp - Té sấp', 'Cấp 8 - Lục Đai IV', 'https://www.youtube.com/watch?v=vsd4rRAnc74', 'uniform'),
(281, '12/4. Thân pháp - Bật tôm', 'Cấp 8 - Lục Đai IV', 'https://www.youtube.com/watch?v=vsd4rRAnc74', 'uniform'),
(282, '12/5. Thân pháp - Té nghiêng trái', 'Cấp 8 - Lục Đai IV', 'https://www.youtube.com/watch?v=vsd4rRAnc74', 'uniform'),
(283, '12/6. Thân pháp - Té nghiêng phải', 'Cấp 8 - Lục Đai IV', 'https://www.youtube.com/watch?v=vsd4rRAnc74', 'uniform'),
(284, '12/7. Thân pháp - Té nổ', 'Cấp 8 - Lục Đai IV', 'https://www.youtube.com/watch?v=vsd4rRAnc74', 'uniform'),
(285, '12/8. Thân pháp - Đá xoắn', 'Cấp 8 - Lục Đai IV', 'https://www.youtube.com/watch?v=vsd4rRAnc74', 'uniform'),
(286, '12/9. Thân pháp - Đá lăn lưng', 'Cấp 8 - Lục Đai IV', 'https://www.youtube.com/watch?v=vsd4rRAnc74', 'uniform'),
(287, '12/10. Thân pháp - Đá lăn bụng', 'Cấp 8 - Lục Đai IV', 'https://www.youtube.com/watch?v=vsd4rRAnc74', 'uniform'),
(288, '12/11. Thân pháp - Lăn bánh xe', 'Cấp 8 - Lục Đai IV', 'https://www.youtube.com/watch?v=vsd4rRAnc74', 'uniform'),
(289, '12/12. Thân pháp - Santo trước', 'Cấp 8 - Lục Đai IV', 'https://www.youtube.com/watch?v=vsd4rRAnc74', 'uniform'),
(290, '(Tự vệ) Phản bóp cổ trước 1', 'Cấp 8 - Lục Đai IV', 'https://www.youtube.com/watch?v=vsd4rRAnc74', 'uniform'),
(291, '(Tự vệ) Phản bóp cổ trước 2', 'Cấp 8 - Lục Đai IV', 'https://www.youtube.com/watch?v=vsd4rRAnc74', 'uniform'),
(292, '(Tự vệ) Phản bóp cổ trước 3', 'Cấp 8 - Lục Đai IV', 'https://www.youtube.com/watch?v=vsd4rRAnc74', 'uniform'),
(293, '(Tự vệ) Phản nắm cổ áo trước 1', 'Cấp 8 - Lục Đai IV', 'https://www.youtube.com/watch?v=vsd4rRAnc74', 'uniform'),
(294, '(Tự vệ) Phản nắm cổ áo trước 2', 'Cấp 8 - Lục Đai IV', 'https://www.youtube.com/watch?v=vsd4rRAnc74', 'uniform'),
(295, '(Tự vệ) Phản nắm cổ áo trước 3', 'Cấp 8 - Lục Đai IV', 'https://www.youtube.com/watch?v=vsd4rRAnc74', 'uniform'),
(296, '(Tự vệ) Phản nắm tóc sau 1', 'Cấp 8 - Lục Đai IV', 'https://www.youtube.com/watch?v=vsd4rRAnc74', 'uniform'),
(297, '(Tự vệ) Phản nắm tóc trước 1', 'Cấp 8 - Lục Đai IV', 'https://www.youtube.com/watch?v=vsd4rRAnc74', 'uniform'),
(298, '(Tự vệ) Phản nắm tóc trước 2', 'Cấp 8 - Lục Đai IV', 'https://www.youtube.com/watch?v=vsd4rRAnc74', 'uniform'),
(299, '(Tự vệ) Phản nắm tóc trước 3', 'Cấp 8 - Lục Đai IV', 'https://www.youtube.com/watch?v=vsd4rRAnc74', 'uniform'),
(300, 'Thế đối luyện số 10: Quét lá sân chùa', 'Cấp 8 - Lục Đai IV', 'https://www.youtube.com/watch?v=vsd4rRAnc74', 'uniform'),
(301, 'Thế đối luyện số 11: Bỏ về xứ xa', 'Cấp 8 - Lục Đai IV', 'https://www.youtube.com/watch?v=vsd4rRAnc74', 'uniform'),
(302, 'Thế đối luyện số 12: Đầy trời mưa hoa', 'Cấp 8 - Lục Đai IV', 'https://www.youtube.com/watch?v=vsd4rRAnc74', 'uniform'),
(303, 'Thế đối luyện số 13: Chèo đò trên sông', 'Cấp 8 - Lục Đai IV', 'https://www.youtube.com/watch?v=vsd4rRAnc74', 'uniform'),
(304, 'Thế đối luyện số 14: Vác củi về nhà', 'Cấp 8 - Lục Đai IV', 'https://www.youtube.com/watch?v=vsd4rRAnc74', 'uniform'),
(305, 'Thế đối luyện số 15: Giữ khách ở lại', 'Cấp 8 - Lục Đai IV', 'https://www.youtube.com/watch?v=vsd4rRAnc74', 'uniform'),
(306, 'Thế đối luyện số 16: Quấn quýt dây leo', 'Cấp 8 - Lục Đai IV', 'https://www.youtube.com/watch?v=vsd4rRAnc74', 'uniform'),
(307, 'Thế đối luyện số 17: Cắm sào chờ gió', 'Cấp 8 - Lục Đai IV', 'https://www.youtube.com/watch?v=vsd4rRAnc74', 'uniform'),
(308, 'Thế đối luyện số 18: Bầy gà tìm mẹ', 'Cấp 8 - Lục Đai IV', 'https://www.youtube.com/watch?v=vsd4rRAnc74', 'uniform'),
(309, 'Thế đối luyện số 19: Ấm áp tình xuân', 'Cấp 8 - Lục Đai IV', 'https://www.youtube.com/watch?v=vsd4rRAnc74', 'uniform'),
(310, 'Thế đối luyện số 1: Cơn bão đầu mùa', 'Cấp 8 - Lục Đai IV', 'https://www.youtube.com/watch?v=vsd4rRAnc74', 'uniform'),
(311, 'Thế đối luyện số 20: Hỏi lại cố nhân', 'Cấp 8 - Lục Đai IV', 'https://www.youtube.com/watch?v=vsd4rRAnc74', 'uniform'),
(312, 'Thế đối luyện số 21: Trông ngóng người đi', 'Cấp 8 - Lục Đai IV', 'https://www.youtube.com/watch?v=vsd4rRAnc74', 'uniform'),
(313, 'Thế đối luyện số 22: Đốn củi ngoài sân', 'Cấp 8 - Lục Đai IV', 'https://www.youtube.com/watch?v=vsd4rRAnc74', 'uniform'),
(314, 'Thế đối luyện số 23: Mục đồng giỡn trâu', 'Cấp 8 - Lục Đai IV', 'https://www.youtube.com/watch?v=vsd4rRAnc74', 'uniform'),
(315, 'Thế đối luyện số 24: Mở cửa đón trăng', 'Cấp 8 - Lục Đai IV', 'https://www.youtube.com/watch?v=vsd4rRAnc74', 'uniform'),
(316, 'Thế đối luyện số 25: Mời khách sang sông', 'Cấp 8 - Lục Đai IV', 'https://www.youtube.com/watch?v=vsd4rRAnc74', 'uniform'),
(317, 'Thế đối luyện số 2: Tiếc một cành hoa', 'Cấp 8 - Lục Đai IV', 'https://www.youtube.com/watch?v=vsd4rRAnc74', 'uniform'),
(318, 'Thế đối luyện số 3: Tìm chút thân quen', 'Cấp 8 - Lục Đai IV', 'https://www.youtube.com/watch?v=vsd4rRAnc74', 'uniform'),
(319, 'Thế đối luyện số 4: Đón khách đầu đường', 'Cấp 8 - Lục Đai IV', 'https://www.youtube.com/watch?v=vsd4rRAnc74', 'uniform'),
(320, 'Thế đối luyện số 5: Hái hoa trên cành', 'Cấp 8 - Lục Đai IV', 'https://www.youtube.com/watch?v=vsd4rRAnc74', 'federation'),
(321, 'Thế đối luyện số 6: Chia tay mưa rơi', 'Cấp 8 - Lục Đai IV', 'https://www.youtube.com/watch?v=vsd4rRAnc74', 'uniform'),
(322, 'Thế đối luyện số 7: Thuận gió bẻ măng', 'Cấp 8 - Lục Đai IV', 'https://www.youtube.com/watch?v=vsd4rRAnc74', 'uniform'),
(323, 'Thế đối luyện số 8: Theo chàng về dinh', 'Cấp 8 - Lục Đai IV', 'https://www.youtube.com/watch?v=vsd4rRAnc74', 'uniform'),
(324, 'Thế đối luyện số 9: Hái lộc đầu xuân', 'Cấp 8 - Lục Đai IV', 'https://www.youtube.com/watch?v=vsd4rRAnc74', 'uniform');

-- --------------------------------------------------------

--
-- Cấu trúc bảng cho bảng `groups`
--

CREATE TABLE `groups` (
  `id` int(11) NOT NULL,
  `name` varchar(255) NOT NULL,
  `created_at` timestamp NULL DEFAULT current_timestamp()
) ENGINE=InnoDB DEFAULT CHARSET=utf8mb4 COLLATE=utf8mb4_unicode_ci;

--
-- Đang đổ dữ liệu cho bảng `groups`
--

INSERT INTO `groups` (`id`, `name`, `created_at`) VALUES
(1, 'Nhóm 1', '2025-09-27 03:34:52'),
(2, 'Nhóm 2', '2025-09-27 03:34:52'),
(3, 'Nhóm 3', '2025-09-27 03:34:52'),
(4, 'Nhóm 4', '2025-09-27 03:34:52'),
(5, 'Nhóm 5', '2025-09-27 03:34:52'),
(6, 'Nhóm 6', '2025-09-27 03:34:52'),
(7, 'Nhóm 7', '2025-09-27 03:34:52'),
(8, 'Nhóm 8', '2025-09-27 03:34:52'),
(9, 'Nhóm 9', '2025-09-27 03:34:52'),
(10, 'Nhóm 10', '2025-09-27 03:34:52');

-- --------------------------------------------------------

--
-- Cấu trúc bảng cho bảng `students`
--

CREATE TABLE `students` (
  `id` int(11) NOT NULL,
  `student_code` varchar(50) DEFAULT NULL,
  `name` varchar(255) NOT NULL,
  `dharma_name` varchar(255) DEFAULT NULL,
  `dob` date DEFAULT NULL,
  `id_card` varchar(20) DEFAULT NULL,
  `pob` varchar(255) DEFAULT NULL,
  `address` varchar(255) DEFAULT NULL,
  `photo_uniform` varchar(255) DEFAULT NULL,
  `photo_federation` varchar(255) DEFAULT NULL,
  `belt` varchar(50) DEFAULT NULL,
  `federation_belt` varchar(50) DEFAULT NULL,
  `diploma_uniform` varchar(255) DEFAULT NULL,
  `diploma_federation` varchar(255) DEFAULT NULL,
  `club` varchar(255) DEFAULT NULL,
  `status` varchar(50) DEFAULT NULL,
  `created_at` timestamp NOT NULL DEFAULT current_timestamp(),
  `phone_number` varchar(20) DEFAULT NULL,
  `coach` varchar(255) DEFAULT NULL,
  `education_level` varchar(255) DEFAULT NULL,
  `promotion_test_uniform` tinyint(1) DEFAULT 0,
  `promotion_test_federation` tinyint(1) DEFAULT 0,
  `qr_code_url` varchar(255) DEFAULT NULL,
  `gender` varchar(10) DEFAULT NULL,
  `scorecard_uniform` varchar(255) DEFAULT NULL,
  `scorecard_federation` varchar(255) DEFAULT NULL,
  `group_id` int(11) DEFAULT NULL,
  `federation_belt_date` varchar(255) DEFAULT NULL,
  `federation_belt_location` varchar(255) DEFAULT NULL,
  `federation_belt_authority` varchar(255) DEFAULT NULL,
  `registered_level` varchar(255) DEFAULT NULL,
  `height_cm` int(11) DEFAULT NULL,
  `weight_kg` int(11) DEFAULT NULL,
  `url` varchar(255) DEFAULT NULL
) ENGINE=InnoDB DEFAULT CHARSET=utf8mb4 COLLATE=utf8mb4_general_ci;

--
-- Đang đổ dữ liệu cho bảng `students`
--

INSERT INTO `students` (`id`, `student_code`, `name`, `dharma_name`, `dob`, `id_card`, `pob`, `address`, `photo_uniform`, `photo_federation`, `belt`, `federation_belt`, `diploma_uniform`, `diploma_federation`, `club`, `status`, `created_at`, `phone_number`, `coach`, `education_level`, `promotion_test_uniform`, `promotion_test_federation`, `qr_code_url`, `gender`, `scorecard_uniform`, `scorecard_federation`, `group_id`, `federation_belt_date`, `federation_belt_location`, `federation_belt_authority`, `registered_level`, `height_cm`, `weight_kg`, `url`) VALUES
(80, 'PQQRAAPJG5Q', 'Lê Nguyễn Ngọc Yến', '', '2008-06-10', '', '', '', NULL, 'uploads/f08bf4bdf6347bce300d2f26e1b2f768.jpg', 'Cấp 6 - Lục Đai II', '', NULL, NULL, 'CLB Nguyễn Trãi', 'Chưa Nhập Môn', '2025-09-10 15:50:17', '0816733108', 'Thầy Thích Pháp Tánh', '', 0, 0, NULL, 'Nữ', NULL, NULL, NULL, NULL, NULL, NULL, NULL, NULL, NULL, NULL),
(81, 'PQQJH3ZX34L', 'Huỳnh Trung Hiếu', 'Đạt Nhất Kiên', '2011-08-24', '', '', '', NULL, 'uploads/ddf2e3d5b0d87667fdbeb10876d6307c.jpg', 'Cấp 6 - Lục Đai II', '', 'uploads/de12a79c8817cd737c09bc11bef2af31.jpg', NULL, 'CLB Nguyễn Trãi', 'Chưa Nhập Môn', '2025-09-10 15:51:35', '', 'Thầy Thích Pháp Tánh', '', 1, 0, NULL, 'Nam', NULL, NULL, NULL, NULL, NULL, NULL, NULL, NULL, NULL, NULL),
(82, 'PQQ8ZXO379H', 'Nguyễn Khánh Đăng', '', '2011-06-10', '', '', '', NULL, 'uploads/2754956e0a3173130a9be2776fb69161.jpg', 'Cấp 5 - Lục Đai I', '', 'uploads/fca41761cc73e0f02a6e813f98acaba0.jpg', NULL, 'CLB Nguyễn Trãi', 'Chưa Nhập Môn', '2025-09-10 15:54:07', '0908266086', 'Thầy Thích Pháp Tánh', '', 0, 0, NULL, 'Nam', NULL, NULL, NULL, NULL, NULL, NULL, NULL, NULL, NULL, NULL),
(83, 'PQQOMIMAX2V', 'Vũ Ngọc Cao', '', '1995-07-10', '', '', '', NULL, 'uploads/35d4bec50889f73332942725432b8d82.jpg', 'Cấp 4 - Lam Đai IV', '', NULL, NULL, 'CLB Nguyễn Trãi', 'Chưa Nhập Môn', '2025-09-10 15:55:15', '0376785743', 'Thầy Thích Pháp Tánh', '', 0, 0, NULL, 'Nam', NULL, NULL, 5, NULL, NULL, NULL, NULL, NULL, NULL, NULL),
(84, 'PQQUIHLGXBS', 'Lê Minh Quân', '', '2012-06-10', '', '', '', NULL, 'uploads/4eb6e7869b908f9aa05fa02ff5c07fa4.jpg', 'Cấp 3 - Lam Đai III', '', 'uploads/da45e1fd5be5a67d8d30e2cfc8fdf8d4.jfif', NULL, 'CLB Nguyễn Trãi', 'Chưa Nhập Môn', '2025-09-10 15:56:05', '', 'Thầy Thích Pháp Tánh', '', 1, 0, NULL, 'Nam', NULL, NULL, NULL, NULL, NULL, NULL, NULL, NULL, NULL, NULL),
(85, 'PQQ8USO6T74', 'Lê Đức Tiến', '', '2012-06-10', '', '', '', NULL, 'uploads/d88ca7b0ab4afa64bae89c74f2c0d2fd.jpg', 'Cấp 4 - Lam Đai IV', '', 'uploads/d3c9406eaabe9cb3edbe470281085e1c.jpg', NULL, 'CLB Nguyễn Trãi', 'Chưa Nhập Môn', '2025-09-10 15:57:06', '', 'Thầy Thích Pháp Tánh', '', 1, 0, NULL, 'Nam', NULL, NULL, NULL, NULL, NULL, NULL, NULL, NULL, NULL, NULL),
(86, 'PQQGCEJHEIU', 'Lê Quang Nhật Hoàng', '', '2015-07-10', '', '', '', NULL, 'uploads/589120cba0a768532078f62560960a2a.jpg', 'Cấp 4 - Lam Đai IV', '', 'uploads/35ed4f0406d751d34ecaa81a74146e2b.jpg', NULL, 'CLB Nguyễn Trãi', 'Chưa Nhập Môn', '2025-09-10 15:58:47', '', 'Thầy Thích Pháp Tánh', '', 1, 0, NULL, '', NULL, NULL, NULL, NULL, NULL, NULL, NULL, NULL, NULL, NULL),
(88, 'PQQTMXZOWGH', 'Nguyễn Huỳnh Khải Minh', '', '2009-07-10', '', '', '', NULL, 'uploads/62b4bfe762e0bf4dbd8a5eedcd687049.jpg', 'Cấp 4 - Lam Đai IV', '', 'uploads/5e93c97d08f4044f3287602dcefb802d.jpg', NULL, 'CLB Nguyễn Trãi', 'Chưa Nhập Môn', '2025-09-10 16:00:32', '', 'Thầy Thích Pháp Tánh', '', 1, 0, NULL, 'Nam', NULL, NULL, NULL, NULL, NULL, NULL, NULL, NULL, NULL, NULL),
(89, 'PQQH0CI7XGP', 'Nguyễn Lê Anh Khoa', '', '2010-01-10', '', '', '', NULL, 'uploads/c21df4b479deacd456e58e49073e0bc9.jpg', 'Cấp 3 - Lam Đai III', '', 'uploads/72549b34809cb9892b4fcc041325f30e.jfif', NULL, 'CLB Nguyễn Trãi', 'Chưa Nhập Môn', '2025-09-10 16:01:32', '', 'Thầy Thích Pháp Tánh', '', 1, 0, NULL, 'Nam', NULL, NULL, NULL, NULL, NULL, NULL, NULL, NULL, NULL, NULL),
(90, 'PQQGJIN56J9', 'Nguyễn Lê Anh Quân', '', '2012-03-10', '', '', '', NULL, 'uploads/841fe4f1a7f8356a219fc80ac153978a.jpg', 'Cấp 4 - Lam Đai IV', '', 'uploads/fa58ca17c0e477a5cbb7ccdc547d7df1.jpg', NULL, 'CLB Nguyễn Trãi', 'Chưa Nhập Môn', '2025-09-10 16:02:15', '', 'Thầy Thích Pháp Tánh', '', 1, 0, NULL, '', NULL, NULL, NULL, NULL, NULL, NULL, NULL, NULL, NULL, NULL),
(91, 'PQQ8Y65BR38', 'Lê Thị Phương Thanh', '', '1984-08-10', '', '', '', NULL, 'uploads/85db2c04a12c71a9aca283c0b4033b98.jpg', 'Cấp 4 - Lam Đai IV', '', 'uploads/5782968a3bc11a3d667c68177ce2ebab.jpg', NULL, 'CLB Nguyễn Trãi', 'Chưa Nhập Môn', '2025-09-10 16:03:10', '', 'Thầy Thích Pháp Tánh', '', 1, 0, NULL, 'Nữ', NULL, NULL, NULL, NULL, NULL, NULL, NULL, NULL, NULL, NULL),
(92, 'PQQJSA45B3F', 'Võ Ngọc Tường Lam', '', '2012-06-10', '', '', '', NULL, 'uploads/1b923c3e39bcfc4d6d40edf320eb3dba.jpg', 'Cấp 4 - Lam Đai IV', '', 'uploads/e24df339196763f5ac802d48d48eb878.jfif', NULL, 'CLB Nguyễn Trãi', 'Chưa Nhập Môn', '2025-09-10 16:04:36', '', 'Thầy Thích Pháp Tánh', '', 1, 0, NULL, 'Nữ', NULL, NULL, NULL, NULL, NULL, NULL, NULL, NULL, NULL, NULL),
(93, 'PQQB5PKDQJA', 'Ngô Thị Thúy Vân', '', '2012-06-10', '', '', '', NULL, 'uploads/0cb4321263f79b713a9d7c4b523f77ea.jpg', 'Cấp 4 - Lam Đai IV', '', 'uploads/ddc849504e9a37ba1c21a629e31d1955.jfif', NULL, 'CLB Nguyễn Trãi', 'Chưa Nhập Môn', '2025-09-10 16:05:32', '', 'Thầy Thích Pháp Tánh', '', 1, 0, NULL, 'Nữ', NULL, NULL, NULL, NULL, NULL, NULL, NULL, NULL, NULL, NULL),
(94, 'PQQI1X9OQ1P', 'Lê Nguyễn Thiên Kim', '', '2014-03-10', '', '', '', NULL, 'uploads/8d3806aa758096e8d664776c99c426fa.jpg', 'Cấp 2 - Lam Đai II', '', 'uploads/6759c210cef010ce4f5472ec1c7a89c5.jpg', NULL, 'CLB Nguyễn Trãi', 'Chưa Nhập Môn', '2025-09-10 16:07:06', '', 'Thầy Thích Pháp Tánh', '', 1, 0, NULL, '', NULL, NULL, NULL, NULL, NULL, NULL, NULL, NULL, NULL, NULL),
(95, 'PQQ08V40BTC', 'Nguyễn Trọng Khang', '', '2012-06-10', '', '', '', NULL, 'uploads/30670d62f5160a28e89cb023437b024c.jpg', 'Cấp 2 - Lam Đai II', '', 'uploads/33e5e82b876a6ce971e531c61ebb27fe.jpg', NULL, 'CLB Nguyễn Trãi', 'Chưa Nhập Môn', '2025-09-10 16:07:58', '', 'Thầy Thích Pháp Tánh', '', 1, 0, NULL, 'Nam', NULL, NULL, NULL, NULL, NULL, NULL, NULL, NULL, NULL, NULL),
(96, 'PQQIWR1R7B7', 'Huỳnh Vũ Tuấn Phương', '', '2006-08-10', '', '', '', NULL, 'uploads/0725c84d5b2e99210d8bb38bc2301bfc.jpg', 'Cấp 3 - Lam Đai III', '', 'uploads/7c75e04682456aece1a1f912b3b52e8b.jfif', NULL, 'CLB Nguyễn Trãi', 'Chưa Nhập Môn', '2025-09-10 16:08:40', '', 'Thầy Thích Pháp Tánh', '', 0, 0, NULL, 'Nam', NULL, NULL, NULL, NULL, NULL, NULL, NULL, NULL, NULL, NULL),
(97, 'PQQ3PO9MXS8', 'Đỗ Hoàng Hải', '', '2012-07-10', '', '', '', NULL, 'uploads/710a4859f527c43c096891b76ea5002a.jpg', 'Cấp 2 - Lam Đai II', '', 'uploads/de11618d4ffd8afc83f241fa9f4d8ee8.jpg', NULL, 'CLB Nguyễn Trãi', 'Chưa Nhập Môn', '2025-09-10 16:09:58', '', 'Thầy Thích Pháp Tánh', '', 1, 0, NULL, '', NULL, NULL, NULL, NULL, NULL, NULL, NULL, NULL, NULL, NULL),
(98, 'PQQ0STTSX12', 'Hồ Quỳnh Anh', '', '2012-07-10', '', '', '', NULL, 'uploads/d03a4443d9015909baf35b826d416663.jpg', 'Cấp 6 - Lục Đai II', '', 'uploads/496cc5284ea2779c9e1f07d1fb372e65.jpg', NULL, 'CLB Nguyễn Trãi', 'Chưa Nhập Môn', '2025-09-10 16:11:24', '', 'Thầy Thích Pháp Tánh', '', 1, 0, NULL, 'Nữ', NULL, NULL, NULL, NULL, NULL, NULL, NULL, NULL, NULL, NULL),
(99, 'PQQZ510DBXJ', 'Bùi Nguyễn Thanh Tâm', 'Đạt Chiếu Lâm', '2011-01-10', '', '', '', NULL, 'uploads/0b41b7f59064217520281584162d439b.jpg', 'Cấp 5 - Lục Đai I', '', 'uploads/95f15cc8275a5f736c74f563d60ae5f7.jfif', NULL, 'CLB Nguyễn Trãi', 'Chưa Nhập Môn', '2025-09-10 16:13:24', '', 'Thầy Thích Pháp Tánh', '', 1, 0, NULL, 'Nam', NULL, NULL, NULL, NULL, NULL, NULL, NULL, NULL, NULL, NULL),
(100, 'PQQCL1PVPPU', 'Bùi Văn Long', 'Tiến Nhân Phúc', '2010-06-10', '', '', '', NULL, 'uploads/8a31430f6d3802d096d9baf8e8ef8647.jpg', 'Cấp 9 - Hồng đai thiếu niên I', '', NULL, NULL, 'CLB Nguyễn Trãi', 'Chưa Nhập Môn', '2025-09-10 16:14:47', '', 'Thầy Thích Pháp Tánh', '', 0, 0, NULL, 'Nam', NULL, NULL, NULL, NULL, NULL, NULL, NULL, NULL, NULL, NULL),
(101, 'PQQN1CYHU9R', 'Đoàn Đăng Phúc', '', '2016-01-10', '', '', '', NULL, 'uploads/edb247814052ad68156add116ad29afe.jpg', 'Nâu Đai', '', NULL, NULL, 'CLB Nguyễn Trãi', 'Chưa Nhập Môn', '2025-09-10 16:16:25', '', 'Thầy Thích Pháp Tánh', '', 1, 0, NULL, 'Nam', NULL, NULL, NULL, NULL, NULL, NULL, NULL, NULL, NULL, NULL),
(104, 'PQQA2CDO6YP', 'Đỗ Quốc Bình', '', '2013-02-11', '', '', '', NULL, 'uploads/280822c46be120e756f8112c29ee1a66.jpg', 'Cấp 1 - Lam Đai I', '', 'uploads/547f5b2823116a0c3cf9ddb884d07694.jpg', NULL, 'CLB Nguyễn Trãi', 'Chưa Nhập Môn', '2025-09-11 05:30:00', '', 'Thầy Thích Pháp Tánh', '', 1, 0, NULL, '', NULL, NULL, NULL, NULL, NULL, NULL, NULL, NULL, NULL, NULL),
(105, 'PQQ5FE72497', 'Hà Thị Trà', 'Phúc Chiếu Duệ', '1991-07-11', '', '', '', NULL, 'uploads/5b2873b09be85f44886d4fc252bb814a.jpg', 'Cấp 5 - Lục Đai I', '', NULL, NULL, 'CLB Nguyễn Trãi', 'Chưa Nhập Môn', '2025-09-11 05:32:14', '', 'Thầy Thích Pháp Tánh', '', 0, 0, NULL, '', NULL, NULL, NULL, NULL, NULL, NULL, NULL, NULL, NULL, NULL),
(106, 'PQQX7LQO6CE', 'Huỳnh Nguyễn Đông Quân', '', '2010-07-22', '', '', '', NULL, 'uploads/350b72b19d72560be6e86ac33d92bdc2.jpg', 'Cấp 6 - Lục Đai II', '', 'uploads/5ac7f5e60a1a561ad2c805b662c0189c.jpg', NULL, 'CLB Nguyễn Trãi', 'Chưa Nhập Môn', '2025-09-11 05:34:29', '', 'Thầy Thích Pháp Tánh', '', 1, 0, NULL, 'Nam', NULL, NULL, NULL, NULL, NULL, NULL, NULL, NULL, NULL, NULL),
(107, 'PQQ7UN5ZY3L', 'Lê Đình Thiên Ân', '', '2018-06-11', '', '', '', NULL, 'uploads/b061382256a12346df7c74bd52309d91.jpg', 'Nâu Đai', '', NULL, NULL, 'CLB Nguyễn Trãi', 'Chưa Nhập Môn', '2025-09-11 05:35:31', '', 'Thầy Thích Pháp Tánh', '', 1, 0, NULL, 'Nam', NULL, NULL, NULL, NULL, NULL, NULL, NULL, NULL, NULL, NULL),
(108, 'PQQOWWLY9DM', 'Lê Hoàng Minh', '', '2012-11-11', '', '', '', NULL, 'uploads/7b8f74db68b552c08f7c22fad19f50c9.jpg', 'Nâu Đai', '', NULL, NULL, 'CLB Nguyễn Trãi', 'Chưa Nhập Môn', '2025-09-11 05:39:39', '', 'Thầy Thích Pháp Tánh', '', 1, 0, NULL, 'Nam', NULL, NULL, NULL, NULL, NULL, NULL, NULL, NULL, NULL, NULL),
(109, 'PQQC13RU60K', 'Lê Nguyễn Ngọc Diệp', '', '2010-02-11', '', '', '', NULL, 'uploads/cf9f7c850da0850d48122a346227e4f4.jpg', 'Cấp 4 - Lam Đai IV', '', NULL, NULL, 'CLB Nguyễn Trãi', 'Chưa Nhập Môn', '2025-09-11 05:40:35', '', 'Thầy Thích Pháp Tánh', '', 0, 0, NULL, '', NULL, NULL, NULL, NULL, NULL, NULL, NULL, NULL, NULL, NULL),
(111, 'PQQ5FLGTZY1', 'Lưu Bảo Ngọc', '', '2013-06-11', '', '', '', NULL, 'uploads/06d9b3a3b833c964a6d8b20a4c363c3e.jpg', 'Nâu Đai', '', NULL, NULL, 'CLB Nguyễn Trãi', 'Chưa Nhập Môn', '2025-09-11 05:43:12', '', 'Thầy Thích Pháp Tánh', '', 0, 0, NULL, 'Nữ', NULL, NULL, NULL, NULL, NULL, NULL, NULL, NULL, NULL, NULL),
(112, 'PQQC3HYG3FQ', 'Lưu Nguyễn Tường An', '', '2009-03-11', '', '', '', NULL, 'uploads/e3af0a175a597dcc86a2ae1bc97b6e7f.jpg', 'Nâu Đai', '', NULL, NULL, 'CLB Nguyễn Trãi', 'Chưa Nhập Môn', '2025-09-11 05:44:44', '', 'Thầy Thích Pháp Tánh', '', 1, 0, NULL, 'Nữ', NULL, NULL, NULL, NULL, NULL, NULL, NULL, NULL, NULL, NULL),
(113, 'PQQBZ2BAV52', 'Lý Ngọc An', '', '2015-02-11', '', '', '', NULL, 'uploads/dd8dead7c8d0488c5c3aa1d03dd490f8.jpg', 'Nâu Đai', '', NULL, NULL, 'CLB Nguyễn Trãi', 'Chưa Nhập Môn', '2025-09-11 05:45:37', '', 'Thầy Thích Pháp Tánh', '', 1, 0, NULL, 'Nữ', NULL, NULL, NULL, NULL, NULL, NULL, NULL, NULL, NULL, NULL),
(114, 'PQQABAMV20T', 'Lý Ngọc Hằng', '', '2016-02-11', '', '', '', NULL, 'uploads/1927f5673b02ca8b2c73f77cbdc7cd62.jpg', 'Nâu Đai', '', NULL, NULL, 'CLB Nguyễn Trãi', 'Chưa Nhập Môn', '2025-09-11 05:46:28', '', 'Thầy Thích Pháp Tánh', '', 0, 0, NULL, 'Nữ', NULL, NULL, NULL, NULL, NULL, NULL, NULL, NULL, NULL, NULL),
(117, 'PQQQ30M6NNM', 'Lê Quang Chiến', '', '2012-10-13', '', '', '', NULL, 'uploads/04b83c5be977f3f6c33ffe0e2f080e58.jpg', 'Cấp 1 - Lam Đai I', '', 'uploads/7c64a63e527c4f53334c6455fcac78ab.jpg', NULL, 'CLB Nguyễn Trãi', 'Chưa Nhập Môn', '2025-09-13 01:35:02', '', 'Thầy Thích Pháp Tánh', '', 1, 0, NULL, 'Nam', NULL, NULL, NULL, NULL, NULL, NULL, NULL, NULL, NULL, NULL),
(119, 'PQQE1ERB7UV', 'Ngô Nhật Minh', '', '2015-06-13', '', '', '', NULL, 'uploads/31a60d57b31954e2d580f729a03748ee.jpg', 'Nâu Đai', '', NULL, NULL, 'CLB Nguyễn Trãi', 'Chưa Nhập Môn', '2025-09-13 02:24:47', '', 'Thầy Thích Pháp Tánh', '', 0, 0, NULL, 'Nam', NULL, NULL, NULL, NULL, NULL, NULL, NULL, NULL, NULL, NULL),
(120, 'PQQGDNXV6WK', 'Nguyễn Điền Minh Tùng', '', '2012-08-13', '', '', '', NULL, 'uploads/1f17819ed526420ca55d5d34f49094b9.jpg', 'Cấp 1 - Lam Đai I', '', 'uploads/1ea376267a3ac8275dfb6582d710735f.jfif', NULL, 'CLB Nguyễn Trãi', 'Chưa Nhập Môn', '2025-09-13 02:26:52', '', 'Thầy Thích Pháp Tánh', '', 1, 0, NULL, 'Nam', NULL, NULL, NULL, NULL, NULL, NULL, NULL, NULL, NULL, NULL),
(121, 'PQQXU8IASUS', 'Nguyễn Hồng Ngọc', 'An Hậu Khả', '2010-05-13', '', '', '', NULL, 'uploads/93238817fd0e664acfe6137eedbc0b5e.jpg', 'Cấp 5 - Lục Đai I', '', NULL, NULL, 'CLB Nguyễn Trãi', 'Chưa Nhập Môn', '2025-09-13 02:27:57', '', 'Thầy Thích Pháp Tánh', '', 0, 0, NULL, 'Nữ', NULL, NULL, NULL, NULL, NULL, NULL, NULL, NULL, NULL, NULL),
(122, 'PQQR0OQ8WJ2', 'Nguyễn Hồng Phát', '', '2014-07-13', '', '', '', NULL, 'uploads/15b7bbbf6113585722eaea4bbe5ec55a.jpg', 'Nâu Đai', '', NULL, NULL, 'CLB Nguyễn Trãi', 'Chưa Nhập Môn', '2025-09-13 02:29:12', '', 'Thầy Thích Pháp Tánh', '', 0, 0, NULL, 'Nam', NULL, NULL, NULL, NULL, NULL, NULL, NULL, NULL, NULL, NULL),
(123, 'PQQY3LKNWWH', 'Nguyễn Huỳnh Hải Đăng', '', '2017-10-13', '', '', '', NULL, 'uploads/b4963bc76c61c3365562bc6a9e1cb425.jpg', 'Nâu Đai', '', NULL, NULL, 'CLB Nguyễn Trãi', 'Chưa Nhập Môn', '2025-09-13 02:30:15', '', 'Thầy Thích Pháp Tánh', '', 0, 0, NULL, 'Nam', NULL, NULL, NULL, NULL, NULL, NULL, NULL, NULL, NULL, NULL),
(124, 'PQQCREAS3TJ', 'Nguyễn Huỳnh Hải My', '', '2015-08-13', '', '', '', NULL, 'uploads/a8f47272be67cffbb32d0e41c60ba307.jpg', 'Cấp 1 - Lam Đai I', '', 'uploads/ffe4ad492a877965f46b384be734c813.jpg', NULL, 'CLB Nguyễn Trãi', 'Chưa Nhập Môn', '2025-09-13 02:33:26', '', 'Thầy Thích Pháp Tánh', '', 0, 0, NULL, 'Nữ', NULL, NULL, NULL, NULL, NULL, NULL, NULL, NULL, NULL, NULL),
(125, 'PQQ6BK99HOS', 'Nguyễn Hưng', '', '2012-10-13', '', '', '', NULL, 'uploads/8c8d4a7b7035ac0c86eba1eee244450c.png', 'Cấp 3 - Lam Đai III', '', NULL, NULL, 'CLB Nguyễn Trãi', 'Chưa Nhập Môn', '2025-09-13 02:35:36', '0965252933', 'Thầy Thích Pháp Tánh', '', 1, 0, NULL, 'Nam', NULL, NULL, NULL, NULL, NULL, NULL, NULL, NULL, NULL, NULL),
(126, 'PQQKNZLDGKR', 'Nguyễn Lê Kim Phụng', '', '2012-09-13', '', '', '', NULL, 'uploads/6e8215a6a184cbb3f9f89671fbe1ee6b.jpg', 'Cấp 1 - Lam Đai I', '', 'uploads/b2ed21bb7ee98266a523b53a447cf010.jpg', NULL, 'CLB Nguyễn Trãi', 'Chưa Nhập Môn', '2025-09-13 02:36:29', '', 'Thầy Thích Pháp Tánh', '', 0, 0, NULL, 'Nữ', NULL, NULL, NULL, NULL, NULL, NULL, NULL, NULL, NULL, NULL),
(127, 'PQQ3O61RTMV', 'Nguyễn Lê Phương Anh', '', '2015-09-13', '', '', '', NULL, 'uploads/ffd67276e48d66fafd1b6a880eae0b74.jpg', 'Nâu Đai', '', NULL, NULL, 'CLB Nguyễn Trãi', 'Chưa Nhập Môn', '2025-09-13 02:37:44', '', 'Thầy Thích Pháp Tánh', '', 0, 0, NULL, 'Nữ', NULL, NULL, NULL, NULL, NULL, NULL, NULL, NULL, NULL, NULL),
(133, 'PQQK7KKIY46', 'Nguyễn Ngọc Hải Yến', '', '2017-09-13', '', '', '', NULL, 'uploads/91cbcf397cd0f87d0bf575d05c559935.jpg', 'Nâu Đai', '', NULL, NULL, 'CLB Nguyễn Trãi', 'Chưa Nhập Môn', '2025-09-13 02:55:31', '', '', '', 0, 0, NULL, 'Nữ', NULL, NULL, NULL, NULL, NULL, NULL, NULL, NULL, NULL, NULL),
(134, 'PQQHHXGMX3S', 'Nguyễn Ngọc Như Ý', '', '2012-09-13', '', '', '', NULL, 'uploads/e5bebec956596a32d102c2d474f5662a.jpg', 'Nâu Đai', '', NULL, NULL, 'CLB Nguyễn Trãi', 'Chưa Nhập Môn', '2025-09-13 02:56:52', '', 'Thầy Thích Pháp Tánh', '', 0, 0, NULL, 'Nữ', NULL, NULL, NULL, NULL, NULL, NULL, NULL, NULL, NULL, NULL),
(135, 'PQQSY5K3KC1', 'Nguyễn Ngọc Tuyết Nhi', '', '2015-09-13', '', '', '', NULL, 'uploads/a3d95e605f91c3573c904556f06e38dd.jpg', 'Nâu Đai', '', NULL, NULL, 'CLB Nguyễn Trãi', 'Chưa Nhập Môn', '2025-09-13 02:57:54', '', 'Thầy Thích Pháp Tánh', '', 0, 0, NULL, 'Nữ', NULL, NULL, NULL, NULL, NULL, NULL, NULL, NULL, NULL, NULL),
(136, 'PQQ1QL1N4FO', 'Nguyễn Thị Đặng', '', '2000-09-13', '', '', '', NULL, 'uploads/9c3841f53277e72c0592c2319fff8852.jpg', 'Cấp 5 - Lục Đai I', '', NULL, NULL, 'CLB Nguyễn Trãi', 'Chưa Nhập Môn', '2025-09-13 02:59:06', '0392155414', 'Thầy Thích Pháp Tánh', '', 0, 0, NULL, 'Nữ', NULL, NULL, NULL, NULL, NULL, NULL, NULL, NULL, NULL, NULL),
(137, 'PQQHACE9RVT', 'Nguyễn Trần Minh Trí', '', '2013-09-13', '', '', '', NULL, 'uploads/4340abfe11222d2029f118e1cc7bd9ce.jpg', 'Nâu Đai', '', NULL, NULL, 'CLB Nguyễn Trãi', 'Chưa Nhập Môn', '2025-09-13 03:00:23', '', 'Thầy Thích Pháp Tánh', '', 0, 0, NULL, 'Nam', NULL, NULL, NULL, NULL, NULL, NULL, NULL, NULL, NULL, NULL),
(138, 'PQQ3BE65WJX', 'Nguyễn Tú Quỳnh', '', '2010-09-13', '', '', '', NULL, 'uploads/71ec9fcfc25b325668748214cf93cd07.jpg', 'Cấp 1 - Lam Đai I', '', NULL, NULL, 'CLB Nguyễn Trãi', 'Chưa Nhập Môn', '2025-09-13 03:01:11', '0903838954', 'Thầy Thích Pháp Tánh', '', 1, 0, NULL, 'Nữ', NULL, NULL, NULL, NULL, NULL, NULL, NULL, NULL, NULL, NULL),
(139, 'PQQV799FXDH', 'Nguyễn Tuấn Anh', '', '2018-09-13', '', '', '', NULL, 'uploads/dd895e60f7b77649397a881702940b8d.jpg', 'Cấp 1 - Lam Đai I', '', 'uploads/d0d6f52d35020786149c15cb265522d7.jpg', NULL, 'CLB Nguyễn Trãi', 'Chưa Nhập Môn', '2025-09-13 03:02:05', '', 'Thầy Thích Pháp Tánh', '', 0, 0, NULL, 'Nam', NULL, NULL, NULL, NULL, NULL, NULL, NULL, NULL, NULL, NULL),
(140, 'PQQYEM90M9M', 'Nguyễn Văn Hùng', 'Trí Duy Ân', '1988-09-13', '', '', '', NULL, 'uploads/a7666ead96099fa961a7612b5c00a6bc.jpg', 'Cấp 8 - Lục Đai IV', '', NULL, NULL, 'CLB Nguyễn Trãi', 'Chưa Nhập Môn', '2025-09-13 03:03:04', '0399986965', 'Thầy Thích Pháp Tánh', '', 0, 0, NULL, 'Nam', NULL, NULL, NULL, NULL, NULL, NULL, NULL, NULL, NULL, NULL),
(141, 'PQQBE0E0W96', 'Phạm Lê Kim Quyên', '', '2013-09-13', '', '', '', NULL, 'uploads/7b61c7895c2646f5985d32ba5c0bd5fd.jpg', 'Nâu Đai', '', NULL, NULL, 'CLB Nguyễn Trãi', 'Chưa Nhập Môn', '2025-09-13 03:06:30', '', 'Thầy Thích Pháp Tánh', '', 0, 0, NULL, 'Nữ', NULL, NULL, NULL, NULL, NULL, NULL, NULL, NULL, NULL, NULL),
(142, 'PQQAY7EG0Z3', 'Thái Huỳnh Tâm Thanh', 'Tĩnh Khánh Hậu', '2008-09-13', '', '', '', NULL, 'uploads/1d0916440f98f40ce30c593e93f696a6.jpg', 'Cấp 5 - Lục Đai I', '', NULL, NULL, 'CLB Nguyễn Trãi', 'Chưa Nhập Môn', '2025-09-13 03:07:32', '', 'Thầy Thích Pháp Tánh', '', 0, 0, NULL, 'Nữ', NULL, NULL, NULL, NULL, NULL, NULL, NULL, NULL, NULL, NULL),
(143, 'PQQ9OL8A7KC', 'Trần Bảo Duy', '', '2016-09-13', '', '', '', NULL, 'uploads/775a610d4b1952f52740d54564862ede.jpg', 'Nâu Đai', '', NULL, NULL, 'CLB Nguyễn Trãi', 'Chưa Nhập Môn', '2025-09-13 03:08:22', '', 'Thầy Thích Pháp Tánh', '', 0, 0, NULL, 'Nam', NULL, NULL, NULL, NULL, NULL, NULL, NULL, NULL, NULL, NULL),
(144, 'PQQ0KNOJUGC', 'Trần Nhật Anh', '', '2013-03-08', '', 'Kon Tum', '', NULL, 'uploads/df60edfcd133b3f193702f270ac3a31e.jpg', 'Cấp 1 - Lam Đai I', '', 'uploads/2f8b93220eda9d9af7537d27d1b3d278.jpg', NULL, 'CLB Nguyễn Trãi', 'Chưa Nhập Môn', '2025-09-13 03:09:26', '', 'Thầy Thích Pháp Tánh', '', 1, 0, NULL, 'Nữ', NULL, NULL, NULL, NULL, NULL, NULL, NULL, NULL, NULL, NULL),
(145, 'PQQ30N21G6Y', 'Trần Thanh Ngọc Trâm', 'Phúc Khiêm Nhẫn', '2010-09-13', '', '', '', NULL, 'uploads/d1c96903f86a890a4826c4967fbdc302.png', 'Cấp 2 - Lam Đai II', '', NULL, NULL, 'CLB Nguyễn Trãi', 'Chưa Nhập Môn', '2025-09-13 03:10:29', '', 'Thầy Thích Pháp Tánh', '', 1, 0, NULL, 'Nữ', NULL, NULL, NULL, NULL, NULL, NULL, NULL, NULL, NULL, NULL),
(146, 'PQQ0P86J2EN', 'Trần Thụy Hà Nhung', 'Hội Khả Nguyện', '2011-09-13', '', '', '', NULL, 'uploads/c6ddf814cc99cd3ff6dfe8f022e2dc61.png', 'Cấp 3 - Lam Đai III', '', NULL, NULL, 'CLB Nguyễn Trãi', 'Chưa Nhập Môn', '2025-09-13 03:12:01', '0916336413', 'Thầy Thích Pháp Tánh', '', 0, 0, NULL, 'Nữ', NULL, NULL, NULL, NULL, NULL, NULL, NULL, NULL, NULL, NULL),
(147, 'PQQXX5EAUX2', 'Trần Tuấn Tú', '', '2011-09-13', '', '', '', NULL, 'uploads/262848d2f3daea7d5d2ef9f045d998c5.png', 'Cấp 3 - Lam Đai III', '', 'uploads/6b2929ba71df680bc9b8385a9d993dc0.jfif', NULL, 'CLB Nguyễn Trãi', 'Chưa Nhập Môn', '2025-09-13 03:12:54', '', 'Thầy Thích Pháp Tánh', '', 1, 0, NULL, 'Nam', NULL, NULL, NULL, NULL, NULL, NULL, NULL, NULL, NULL, NULL),
(148, 'PQQPM2QLLKU', 'Võ Văn Tài', '', '2013-09-13', '', '', '', NULL, 'uploads/45d6c784b11b8f5383c665f231dbd5d1.jpg', 'Cấp 1 - Lam Đai I', '', 'uploads/5976d76fa7be010f2856f1ef8a775e83.jfif', NULL, 'CLB Nguyễn Trãi', 'Chưa Nhập Môn', '2025-09-13 03:14:08', '', 'Thầy Thích Pháp Tánh', '', 1, 0, NULL, 'Nữ', NULL, NULL, NULL, NULL, NULL, NULL, NULL, NULL, NULL, NULL),
(149, 'PQQ2PJVOUJL', 'Lê Quang Nhật', '', '2009-09-13', '', '', '', NULL, 'uploads/5cee3b3261ed7ecd0a2dce525b102fb4.jpg', 'Cấp 4 - Lam Đai IV', '', 'uploads/9deea43b271f458076366636338f9329.jpg', NULL, 'CLB Nguyễn Trãi', 'Chưa Nhập Môn', '2025-09-13 03:14:53', '', 'Thầy Thích Pháp Tánh', '', 1, 0, NULL, 'Nam', NULL, NULL, NULL, NULL, NULL, NULL, NULL, NULL, NULL, NULL),
(150, 'PQQIXBHTRTX', 'Nguyễn Hồ Phú Kim', '', '2006-08-29', '', '', '', NULL, 'uploads/169e020e571b473dd9fbdfd2e10f967b.jpg', 'Cấp 10 - Hồng đai II', '', 'uploads/abc22d23ddbc20471ea8a00c97283f7d.jfif', NULL, 'CLB Nguyễn Trãi', 'Chưa Nhập Môn', '2025-09-13 03:15:48', '', 'Thầy Thích Pháp Tánh', '', 1, 0, NULL, 'Nam', NULL, NULL, NULL, NULL, NULL, NULL, NULL, NULL, NULL, NULL),
(151, 'PQQLNTHBBCY', 'Huỳnh Thanh An', '', '2001-09-13', '', '', '', NULL, 'uploads/bd8b6914b3f70cc55969bb264378ed7f.jpg', 'Cấp 12 - Hồng đai IV', '', 'uploads/0133fe2e1625aa9802b6d35bba0c0e82.jpg', NULL, 'CLB Nguyễn Trãi', 'Chưa Nhập Môn', '2025-09-13 03:17:25', '0332797045', 'Thầy Thích Pháp Tánh', '', 0, 0, NULL, 'Nam', NULL, NULL, NULL, NULL, NULL, NULL, NULL, NULL, NULL, NULL),
(152, 'PQQERSW5G9J', 'Huỳnh Đức Hùng', '', '2000-09-13', '', '', '', NULL, 'uploads/3b26f62ac9ab067ba32496f7be501da7.jpg', 'Cấp 1 - Lam Đai I', '', NULL, NULL, 'CLB Nguyễn Trãi', 'Chưa Nhập Môn', '2025-09-13 03:18:36', '0969426063', 'Thầy Thích Pháp Tánh', '', 0, 0, NULL, 'Nam', NULL, NULL, NULL, NULL, NULL, NULL, NULL, NULL, NULL, NULL),
(153, 'PQQJ9JA6AXL', 'Tạ Đông Minh Anh', '', '2007-09-13', '', '', '', NULL, 'uploads/00cb71f78459de8aa356cf447bcde291.jpg', 'Cấp 9 - Hồng đai thiếu niên I', '', NULL, NULL, 'CLB Nguyễn Trãi', 'Chưa Nhập Môn', '2025-09-13 03:19:34', '', 'Thầy Thích Pháp Tánh', '', 0, 0, NULL, 'Nam', NULL, NULL, NULL, NULL, NULL, NULL, NULL, NULL, NULL, NULL),
(155, 'PQQCVZX0NNW', 'Lê Thanh Vĩnh', '', '1981-09-13', '', '', '', NULL, 'uploads/b7a8f1c507834db33608e7463bd7a423.jpg', 'Cấp 3 - Lam Đai III', '', NULL, NULL, 'CLB Nguyễn Trãi', 'Chưa Nhập Môn', '2025-09-13 03:21:42', '', 'Thầy Thích Pháp Tánh', '', 0, 0, NULL, '', NULL, NULL, NULL, NULL, NULL, NULL, NULL, NULL, NULL, NULL),
(156, 'PQQW7FG8T2A', 'Nguyễn Thị Thanh Tuyền', '', '2009-09-13', '', '', '', NULL, 'uploads/1b48e404ee92e47d695f2782e2ce935a.jpg', 'Cấp 1 - Lam Đai I', '', 'uploads/17636850183f7e32f89e1d3b4c264d6d.jpg', NULL, 'CLB Nguyễn Trãi', 'Chưa Nhập Môn', '2025-09-13 03:22:47', '093375737', 'Thầy Thích Pháp Tánh', '', 0, 0, NULL, 'Nữ', NULL, NULL, NULL, NULL, NULL, NULL, NULL, NULL, NULL, NULL),
(157, 'PQQG9PRT6LK', 'Nguyễn Huỳnh Quang Khải', '', '2017-09-13', '', '', '', NULL, 'uploads/ffdc5a99d47caf6febac380a9c20aa30.jpg', 'Cấp 1 - Lam Đai I', '', 'uploads/330d0ae86c97fc3de39195668bf5bc4a.jpg', NULL, 'CLB Nguyễn Trãi', 'Chưa Nhập Môn', '2025-09-13 03:23:39', '', 'Thầy Thích Pháp Tánh', '', 1, 0, NULL, 'Nam', NULL, NULL, NULL, NULL, NULL, NULL, NULL, NULL, NULL, NULL),
(158, 'PQQ4IHSCNII', 'Nguyễn Huỳnh Trí Danh', '', '2013-09-13', '', '', '', NULL, 'uploads/499126b7bda2a6e50972af7327c60d36.jpg', 'Cấp 1 - Lam Đai I', '', 'uploads/68284bc0fbf5ccc18fcd1680e921016d.jpg', NULL, 'CLB Nguyễn Trãi', 'Chưa Nhập Môn', '2025-09-13 03:24:27', '', 'Thầy Thích Pháp Tánh', '', 0, 0, NULL, 'Nam', NULL, NULL, NULL, NULL, NULL, NULL, NULL, NULL, NULL, NULL),
(159, 'PQQ7DCF6RJD', 'Hoàng Liêm Khiết', '', '2015-09-13', '', '', '', NULL, 'uploads/553d91fcd33803526b589aea499c4a1c.jpg', 'Cấp 1 - Lam Đai I', '', 'uploads/b1f14877fc6b0695ad3ecc1602cf6b6a.jpg', NULL, 'CLB Nguyễn Trãi', 'Chưa Nhập Môn', '2025-09-13 03:25:15', '', 'Thầy Thích Pháp Tánh', '', 0, 0, NULL, 'Nam', NULL, NULL, NULL, NULL, NULL, NULL, NULL, NULL, NULL, NULL),
(160, 'PQQF1JBT1YK', 'Trần Hoàng Minh', '', '2006-09-13', '', '', '', NULL, 'uploads/fec550206610b106039d5e79713db4ef.jpg', 'Cấp 12 - Hồng đai IV', '', 'uploads/7819695d70fffcaadcbd581d1d2e5eba.jpg', NULL, 'CLB Nguyễn Trãi', 'Chưa Nhập Môn', '2025-09-13 03:26:00', '', 'Thầy Thích Pháp Tánh', '', 0, 0, NULL, 'Nam', NULL, NULL, NULL, NULL, NULL, NULL, NULL, NULL, NULL, NULL),
(192, 'PQQ1V69RUPV', 'Huỳnh Thị Thuỳ Trang', '', '1988-08-08', '', '', '', NULL, NULL, 'Nâu Đai', '', NULL, NULL, 'CLB Nguyên Trãi', 'Chưa Nhập Môn', '2025-09-29 11:03:48', '', 'Thích Pháp Tánh', '', 1, 0, NULL, 'Nữ', NULL, NULL, NULL, NULL, NULL, NULL, NULL, NULL, NULL, NULL),
(193, 'PQQT9MCS9NE', 'Phạm Quỳnh Anh', '', '2014-05-06', '', '', '', NULL, NULL, 'Nâu Đai', '', NULL, NULL, 'CLB Nguyễn Trãi', 'Chưa Nhập Môn', '2025-09-29 11:10:28', '0969925825', 'Thích Pháp Tánh', '', 1, 0, NULL, 'Nữ', NULL, NULL, NULL, NULL, NULL, NULL, NULL, NULL, NULL, NULL),
(194, 'PQQE4VOYKZP', 'Nguyễn Nhất Trung', '', '2013-07-26', '', '', '', NULL, NULL, 'Nâu Đai', '', NULL, NULL, 'CLB Nguyên Trãi', 'Chưa Nhập Môn', '2025-09-29 11:14:32', '0393292607', '', '', 1, 0, NULL, 'Nữ', NULL, NULL, NULL, NULL, NULL, NULL, NULL, NULL, NULL, NULL),
(196, 'PQQ8L6NWHHK', 'LÊ PHÚC THANH NHÀN', '', '2012-10-10', '', '', '', 'uploads/1497ea7032216cda5c69966d6ee1dbac.jpg', NULL, 'Cấp 3 - Lam Đai III', '', 'uploads/1497ea7032216cda5c69966d6ee1dbac.jpg', NULL, 'CLB Nguyễn Trãi', 'Chưa Nhập Môn', '2025-10-02 05:43:29', '', 'Thầy Thích Pháp Tánh', '', 0, 0, NULL, 'Nam', NULL, NULL, NULL, NULL, NULL, NULL, NULL, NULL, NULL, NULL);

-- --------------------------------------------------------

--
-- Cấu trúc bảng cho bảng `student_exercises`
--

CREATE TABLE `student_exercises` (
  `id` int(11) NOT NULL,
  `student_id` int(11) NOT NULL,
  `exercise_id` int(11) NOT NULL,
  `is_completed` tinyint(1) DEFAULT 0,
  `completed_at` timestamp NULL DEFAULT NULL
) ENGINE=InnoDB DEFAULT CHARSET=utf8mb3 COLLATE=utf8mb3_general_ci;

--
-- Đang đổ dữ liệu cho bảng `student_exercises`
--

INSERT INTO `student_exercises` (`id`, `student_id`, `exercise_id`, `is_completed`, `completed_at`) VALUES
(159, 105, 142, 1, '2025-09-22 15:52:45'),
(160, 105, 138, 1, '2025-09-22 15:52:45'),
(161, 105, 141, 1, '2025-09-22 15:52:45'),
(162, 105, 140, 1, '2025-09-22 15:52:45'),
(471, 98, 186, 1, '2025-09-26 11:09:34'),
(472, 98, 207, 1, '2025-09-26 11:09:34'),
(473, 98, 208, 1, '2025-09-26 11:09:34'),
(474, 98, 209, 1, '2025-09-26 11:09:34'),
(475, 98, 210, 1, '2025-09-26 11:09:34'),
(476, 98, 211, 1, '2025-09-26 11:09:34'),
(477, 98, 212, 1, '2025-09-26 11:09:34'),
(478, 98, 216, 1, '2025-09-26 11:09:34'),
(479, 98, 213, 1, '2025-09-26 11:09:34'),
(480, 98, 214, 1, '2025-09-26 11:09:34'),
(481, 98, 215, 1, '2025-09-26 11:09:34'),
(482, 98, 185, 1, '2025-09-26 11:09:34'),
(483, 98, 184, 1, '2025-09-26 11:09:34'),
(484, 98, 196, 1, '2025-09-26 11:09:34'),
(485, 98, 197, 1, '2025-09-26 11:09:34'),
(486, 98, 198, 1, '2025-09-26 11:09:34'),
(487, 98, 199, 1, '2025-09-26 11:09:34'),
(488, 98, 200, 1, '2025-09-26 11:09:34'),
(489, 98, 201, 1, '2025-09-26 11:09:34'),
(490, 98, 202, 1, '2025-09-26 11:09:34'),
(491, 98, 203, 1, '2025-09-26 11:09:34'),
(492, 98, 204, 1, '2025-09-26 11:09:34'),
(493, 98, 205, 1, '2025-09-26 11:09:34'),
(494, 98, 187, 1, '2025-09-26 11:09:34'),
(495, 98, 206, 1, '2025-09-26 11:09:34'),
(496, 98, 179, 1, '2025-09-26 11:09:34'),
(497, 98, 180, 1, '2025-09-26 11:09:34'),
(498, 98, 181, 1, '2025-09-26 11:09:34'),
(499, 98, 182, 1, '2025-09-26 11:09:34'),
(500, 98, 183, 1, '2025-09-26 11:09:34'),
(501, 98, 188, 1, '2025-09-26 11:09:34'),
(502, 98, 189, 1, '2025-09-26 11:09:34'),
(503, 98, 190, 1, '2025-09-26 11:09:34'),
(504, 98, 191, 1, '2025-09-26 11:09:34'),
(505, 98, 192, 1, '2025-09-26 11:09:34'),
(506, 98, 193, 1, '2025-09-26 11:09:34'),
(507, 98, 194, 1, '2025-09-26 11:09:34'),
(508, 98, 195, 1, '2025-09-26 11:09:34'),
(596, 101, 38, 1, '2025-09-26 11:13:22'),
(597, 101, 39, 1, '2025-09-26 11:13:22'),
(598, 101, 40, 1, '2025-09-26 11:13:22'),
(599, 101, 28, 1, '2025-09-26 11:13:22'),
(600, 101, 24, 1, '2025-09-26 11:13:22'),
(601, 101, 33, 1, '2025-09-26 11:13:22'),
(602, 101, 34, 1, '2025-09-26 11:13:22'),
(603, 101, 35, 1, '2025-09-26 11:13:22'),
(604, 101, 36, 1, '2025-09-26 11:13:22'),
(605, 101, 37, 1, '2025-09-26 11:13:22'),
(644, 106, 207, 1, '2025-09-26 11:14:08'),
(645, 106, 208, 1, '2025-09-26 11:14:08'),
(646, 106, 209, 1, '2025-09-26 11:14:08'),
(647, 106, 210, 1, '2025-09-26 11:14:08'),
(648, 106, 211, 1, '2025-09-26 11:14:08'),
(649, 106, 212, 1, '2025-09-26 11:14:08'),
(650, 106, 216, 1, '2025-09-26 11:14:08'),
(651, 106, 213, 1, '2025-09-26 11:14:08'),
(652, 106, 214, 1, '2025-09-26 11:14:08'),
(653, 106, 215, 1, '2025-09-26 11:14:08'),
(654, 106, 185, 1, '2025-09-26 11:14:08'),
(655, 106, 184, 1, '2025-09-26 11:14:08'),
(656, 106, 196, 1, '2025-09-26 11:14:08'),
(657, 106, 197, 1, '2025-09-26 11:14:08'),
(658, 106, 198, 1, '2025-09-26 11:14:08'),
(659, 106, 199, 1, '2025-09-26 11:14:08'),
(660, 106, 200, 1, '2025-09-26 11:14:08'),
(661, 106, 201, 1, '2025-09-26 11:14:08'),
(662, 106, 202, 1, '2025-09-26 11:14:08'),
(663, 106, 203, 1, '2025-09-26 11:14:08'),
(664, 106, 204, 1, '2025-09-26 11:14:08'),
(665, 106, 205, 1, '2025-09-26 11:14:08'),
(666, 106, 187, 1, '2025-09-26 11:14:08'),
(667, 106, 206, 1, '2025-09-26 11:14:08'),
(668, 106, 179, 1, '2025-09-26 11:14:08'),
(669, 106, 180, 1, '2025-09-26 11:14:08'),
(670, 106, 181, 1, '2025-09-26 11:14:08'),
(671, 106, 182, 1, '2025-09-26 11:14:08'),
(672, 106, 183, 1, '2025-09-26 11:14:08'),
(673, 106, 188, 1, '2025-09-26 11:14:08'),
(674, 106, 189, 1, '2025-09-26 11:14:08'),
(675, 106, 190, 1, '2025-09-26 11:14:08'),
(676, 106, 191, 1, '2025-09-26 11:14:08'),
(677, 106, 192, 1, '2025-09-26 11:14:08'),
(678, 106, 193, 1, '2025-09-26 11:14:08'),
(679, 106, 194, 1, '2025-09-26 11:14:08'),
(680, 106, 195, 1, '2025-09-26 11:14:08'),
(692, 108, 38, 1, '2025-09-26 11:14:14'),
(693, 108, 39, 1, '2025-09-26 11:14:14'),
(694, 108, 40, 1, '2025-09-26 11:14:14'),
(695, 108, 28, 1, '2025-09-26 11:14:14'),
(696, 108, 24, 1, '2025-09-26 11:14:14'),
(697, 108, 33, 1, '2025-09-26 11:14:14'),
(698, 108, 34, 1, '2025-09-26 11:14:14'),
(699, 108, 35, 1, '2025-09-26 11:14:14'),
(700, 108, 36, 1, '2025-09-26 11:14:14'),
(701, 108, 37, 1, '2025-09-26 11:14:14'),
(724, 112, 38, 1, '2025-09-26 11:16:17'),
(725, 112, 39, 1, '2025-09-26 11:16:17'),
(726, 112, 40, 1, '2025-09-26 11:16:17'),
(727, 112, 28, 1, '2025-09-26 11:16:17'),
(728, 112, 24, 1, '2025-09-26 11:16:17'),
(729, 112, 33, 1, '2025-09-26 11:16:17'),
(730, 112, 34, 1, '2025-09-26 11:16:17'),
(731, 112, 35, 1, '2025-09-26 11:16:17'),
(732, 112, 36, 1, '2025-09-26 11:16:17'),
(733, 112, 37, 1, '2025-09-26 11:16:17'),
(746, 133, 38, 1, '2025-09-26 14:21:39'),
(747, 133, 28, 1, '2025-09-26 14:21:39'),
(748, 133, 24, 1, '2025-09-26 14:21:39'),
(749, 133, 33, 1, '2025-09-26 14:21:39'),
(750, 133, 35, 1, '2025-09-26 14:21:39'),
(751, 133, 37, 0, NULL),
(752, 133, 40, 0, NULL),
(753, 133, 39, 0, NULL),
(754, 133, 41, 0, NULL),
(755, 133, 36, 0, NULL),
(756, 133, 34, 0, NULL),
(765, 114, 28, 1, '2025-09-26 11:23:37'),
(766, 114, 24, 1, '2025-09-26 11:23:37'),
(767, 114, 37, 0, NULL),
(768, 114, 33, 0, NULL),
(769, 114, 34, 0, NULL),
(789, 104, 82, 1, '2025-09-26 11:25:34'),
(790, 104, 49, 1, '2025-09-26 11:25:34'),
(791, 104, 83, 1, '2025-09-26 11:25:34'),
(792, 104, 84, 1, '2025-09-26 11:25:34'),
(793, 104, 51, 1, '2025-09-26 11:25:34'),
(794, 104, 43, 1, '2025-09-26 11:25:34'),
(795, 104, 48, 1, '2025-09-26 11:25:34'),
(796, 104, 85, 1, '2025-09-26 11:25:34'),
(797, 104, 86, 1, '2025-09-26 11:25:34'),
(798, 104, 87, 1, '2025-09-26 11:25:34'),
(799, 104, 88, 1, '2025-09-26 11:25:34'),
(800, 104, 89, 1, '2025-09-26 11:25:34'),
(801, 104, 44, 1, '2025-09-26 11:25:34'),
(802, 104, 45, 1, '2025-09-26 11:25:34'),
(803, 104, 46, 1, '2025-09-26 11:25:34'),
(804, 104, 47, 1, '2025-09-26 11:25:34'),
(805, 104, 42, 1, '2025-09-26 11:25:34'),
(839, 117, 82, 1, '2025-09-26 14:53:34'),
(840, 117, 49, 1, '2025-09-26 14:53:34'),
(841, 117, 83, 1, '2025-09-26 14:53:34'),
(842, 117, 50, 1, '2025-09-26 14:53:34'),
(843, 117, 84, 1, '2025-09-26 14:53:34'),
(844, 117, 51, 1, '2025-09-26 14:53:34'),
(845, 117, 43, 1, '2025-09-26 14:53:34'),
(846, 117, 48, 1, '2025-09-26 14:53:34'),
(847, 117, 85, 1, '2025-09-26 14:53:34'),
(848, 117, 86, 1, '2025-09-26 14:53:34'),
(849, 117, 87, 1, '2025-09-26 14:53:34'),
(850, 117, 88, 1, '2025-09-26 14:53:34'),
(851, 117, 89, 1, '2025-09-26 14:53:34'),
(852, 117, 44, 1, '2025-09-26 14:53:34'),
(853, 117, 45, 1, '2025-09-26 14:53:34'),
(854, 117, 46, 1, '2025-09-26 14:53:34'),
(855, 117, 47, 1, '2025-09-26 14:53:34'),
(856, 117, 42, 1, '2025-09-26 14:53:34'),
(876, 157, 82, 1, '2025-09-26 14:54:37'),
(877, 157, 49, 1, '2025-09-26 14:54:37'),
(878, 157, 83, 1, '2025-09-26 14:54:37'),
(879, 157, 84, 1, '2025-09-26 14:54:37'),
(880, 157, 51, 1, '2025-09-26 14:54:37'),
(881, 157, 43, 1, '2025-09-26 14:54:37'),
(882, 157, 48, 1, '2025-09-26 14:54:37'),
(883, 157, 85, 1, '2025-09-26 14:54:37'),
(884, 157, 86, 1, '2025-09-26 14:54:37'),
(885, 157, 88, 1, '2025-09-26 14:54:37'),
(886, 157, 89, 1, '2025-09-26 14:54:37'),
(887, 157, 44, 1, '2025-09-26 14:54:37'),
(888, 157, 45, 1, '2025-09-26 14:54:37'),
(889, 157, 47, 1, '2025-09-26 14:54:37'),
(890, 157, 42, 1, '2025-09-26 14:54:37'),
(1010, 126, 82, 1, '2025-09-26 14:57:55'),
(1011, 126, 49, 1, '2025-09-26 14:57:55'),
(1012, 126, 83, 1, '2025-09-26 14:57:55'),
(1013, 126, 50, 1, '2025-09-26 14:57:55'),
(1014, 126, 84, 1, '2025-09-26 14:57:55'),
(1015, 126, 51, 1, '2025-09-26 14:57:55'),
(1016, 126, 43, 1, '2025-09-26 14:57:55'),
(1017, 126, 48, 1, '2025-09-26 14:57:55'),
(1018, 126, 85, 1, '2025-09-26 14:57:55'),
(1019, 126, 86, 1, '2025-09-26 14:57:55'),
(1020, 126, 87, 1, '2025-09-26 14:57:55'),
(1021, 126, 45, 1, '2025-09-26 14:57:55'),
(1022, 126, 47, 1, '2025-09-26 14:57:55'),
(1023, 126, 42, 1, '2025-09-26 14:57:55'),
(1043, 138, 82, 1, '2025-09-26 14:58:37'),
(1044, 138, 49, 1, '2025-09-26 14:58:37'),
(1045, 138, 83, 1, '2025-09-26 14:58:37'),
(1046, 138, 50, 1, '2025-09-26 14:58:37'),
(1047, 138, 84, 1, '2025-09-26 14:58:37'),
(1048, 138, 51, 1, '2025-09-26 14:58:37'),
(1049, 138, 43, 1, '2025-09-26 14:58:37'),
(1050, 138, 48, 1, '2025-09-26 14:58:37'),
(1051, 138, 85, 1, '2025-09-26 14:58:37'),
(1052, 138, 86, 1, '2025-09-26 14:58:37'),
(1053, 138, 87, 1, '2025-09-26 14:58:37'),
(1054, 138, 88, 1, '2025-09-26 14:58:37'),
(1055, 138, 89, 1, '2025-09-26 14:58:37'),
(1056, 138, 44, 1, '2025-09-26 14:58:37'),
(1057, 138, 45, 1, '2025-09-26 14:58:37'),
(1058, 138, 46, 1, '2025-09-26 14:58:37'),
(1059, 138, 47, 1, '2025-09-26 14:58:37'),
(1060, 138, 42, 1, '2025-09-26 14:58:37'),
(1114, 113, 38, 1, '2025-09-26 15:00:42'),
(1115, 113, 39, 1, '2025-09-26 15:00:42'),
(1116, 113, 40, 1, '2025-09-26 15:00:42'),
(1117, 113, 28, 1, '2025-09-26 15:00:42'),
(1118, 113, 24, 1, '2025-09-26 15:00:42'),
(1119, 113, 33, 1, '2025-09-26 15:00:42'),
(1120, 113, 34, 1, '2025-09-26 15:00:42'),
(1121, 113, 35, 1, '2025-09-26 15:00:42'),
(1122, 113, 36, 1, '2025-09-26 15:00:42'),
(1123, 113, 37, 1, '2025-09-26 15:00:42'),
(1154, 91, 112, 1, '2025-09-26 15:02:39'),
(1155, 91, 113, 1, '2025-09-26 15:02:39'),
(1156, 91, 118, 1, '2025-09-26 15:02:39'),
(1157, 91, 114, 1, '2025-09-26 15:02:39'),
(1158, 91, 115, 1, '2025-09-26 15:02:39'),
(1159, 91, 119, 1, '2025-09-26 15:02:39'),
(1160, 91, 121, 1, '2025-09-26 15:02:39'),
(1161, 91, 116, 1, '2025-09-26 15:02:39'),
(1162, 91, 117, 1, '2025-09-26 15:02:39'),
(1163, 91, 120, 1, '2025-09-26 15:02:39'),
(1164, 91, 177, 1, '2025-09-26 15:02:39'),
(1165, 91, 111, 1, '2025-09-26 15:02:39'),
(1166, 91, 31, 1, '2025-09-26 15:02:39'),
(1167, 91, 132, 1, '2025-09-26 15:02:39'),
(1168, 91, 133, 1, '2025-09-26 15:02:39'),
(1169, 91, 134, 1, '2025-09-26 15:02:39'),
(1170, 91, 135, 1, '2025-09-26 15:02:39'),
(1171, 91, 136, 1, '2025-09-26 15:02:39'),
(1172, 91, 137, 1, '2025-09-26 15:02:39'),
(1173, 91, 123, 1, '2025-09-26 15:02:39'),
(1174, 91, 124, 1, '2025-09-26 15:02:39'),
(1175, 91, 125, 1, '2025-09-26 15:02:39'),
(1176, 91, 126, 1, '2025-09-26 15:02:39'),
(1177, 91, 127, 1, '2025-09-26 15:02:39'),
(1178, 91, 128, 1, '2025-09-26 15:02:39'),
(1179, 91, 129, 1, '2025-09-26 15:02:39'),
(1180, 91, 130, 1, '2025-09-26 15:02:39'),
(1181, 91, 131, 1, '2025-09-26 15:02:39'),
(1182, 91, 32, 1, '2025-09-26 15:02:39'),
(1213, 93, 112, 1, '2025-09-26 15:03:45'),
(1214, 93, 113, 1, '2025-09-26 15:03:45'),
(1215, 93, 118, 1, '2025-09-26 15:03:45'),
(1216, 93, 114, 1, '2025-09-26 15:03:45'),
(1217, 93, 115, 1, '2025-09-26 15:03:45'),
(1218, 93, 119, 1, '2025-09-26 15:03:45'),
(1219, 93, 121, 1, '2025-09-26 15:03:45'),
(1220, 93, 116, 1, '2025-09-26 15:03:45'),
(1221, 93, 117, 1, '2025-09-26 15:03:45'),
(1222, 93, 120, 1, '2025-09-26 15:03:45'),
(1223, 93, 177, 1, '2025-09-26 15:03:45'),
(1224, 93, 111, 1, '2025-09-26 15:03:45'),
(1225, 93, 31, 1, '2025-09-26 15:03:45'),
(1226, 93, 132, 1, '2025-09-26 15:03:45'),
(1227, 93, 133, 1, '2025-09-26 15:03:45'),
(1228, 93, 134, 1, '2025-09-26 15:03:45'),
(1229, 93, 135, 1, '2025-09-26 15:03:45'),
(1230, 93, 136, 1, '2025-09-26 15:03:45'),
(1231, 93, 137, 1, '2025-09-26 15:03:45'),
(1232, 93, 123, 1, '2025-09-26 15:03:45'),
(1233, 93, 124, 1, '2025-09-26 15:03:45'),
(1234, 93, 125, 1, '2025-09-26 15:03:45'),
(1235, 93, 126, 1, '2025-09-26 15:03:45'),
(1236, 93, 127, 1, '2025-09-26 15:03:45'),
(1237, 93, 128, 1, '2025-09-26 15:03:45'),
(1238, 93, 129, 1, '2025-09-26 15:03:45'),
(1239, 93, 130, 1, '2025-09-26 15:03:45'),
(1240, 93, 131, 1, '2025-09-26 15:03:45'),
(1241, 93, 32, 1, '2025-09-26 15:03:45'),
(1272, 92, 112, 1, '2025-09-26 15:05:04'),
(1273, 92, 113, 1, '2025-09-26 15:05:04'),
(1274, 92, 118, 1, '2025-09-26 15:05:04'),
(1275, 92, 114, 1, '2025-09-26 15:05:04'),
(1276, 92, 115, 1, '2025-09-26 15:05:04'),
(1277, 92, 119, 1, '2025-09-26 15:05:04'),
(1278, 92, 121, 1, '2025-09-26 15:05:04'),
(1279, 92, 116, 1, '2025-09-26 15:05:04'),
(1280, 92, 117, 1, '2025-09-26 15:05:04'),
(1281, 92, 120, 1, '2025-09-26 15:05:04'),
(1282, 92, 177, 1, '2025-09-26 15:05:04'),
(1283, 92, 111, 1, '2025-09-26 15:05:04'),
(1284, 92, 122, 1, '2025-09-26 15:05:04'),
(1285, 92, 132, 1, '2025-09-26 15:05:04'),
(1286, 92, 133, 1, '2025-09-26 15:05:04'),
(1287, 92, 134, 1, '2025-09-26 15:05:04'),
(1288, 92, 135, 1, '2025-09-26 15:05:04'),
(1289, 92, 136, 1, '2025-09-26 15:05:04'),
(1290, 92, 137, 1, '2025-09-26 15:05:04'),
(1291, 92, 123, 1, '2025-09-26 15:05:04'),
(1292, 92, 124, 1, '2025-09-26 15:05:04'),
(1293, 92, 125, 1, '2025-09-26 15:05:04'),
(1294, 92, 126, 1, '2025-09-26 15:05:04'),
(1295, 92, 127, 1, '2025-09-26 15:05:04'),
(1296, 92, 128, 1, '2025-09-26 15:05:04'),
(1297, 92, 129, 1, '2025-09-26 15:05:04'),
(1298, 92, 130, 1, '2025-09-26 15:05:04'),
(1299, 92, 131, 1, '2025-09-26 15:05:04'),
(1300, 92, 32, 1, '2025-09-26 15:05:04'),
(1331, 88, 112, 1, '2025-09-26 15:06:43'),
(1332, 88, 113, 1, '2025-09-26 15:06:43'),
(1333, 88, 118, 1, '2025-09-26 15:06:43'),
(1334, 88, 114, 1, '2025-09-26 15:06:43'),
(1335, 88, 115, 1, '2025-09-26 15:06:43'),
(1336, 88, 119, 1, '2025-09-26 15:06:43'),
(1337, 88, 121, 1, '2025-09-26 15:06:43'),
(1338, 88, 116, 1, '2025-09-26 15:06:43'),
(1339, 88, 117, 1, '2025-09-26 15:06:43'),
(1340, 88, 120, 1, '2025-09-26 15:06:43'),
(1341, 88, 177, 1, '2025-09-26 15:06:43'),
(1342, 88, 111, 1, '2025-09-26 15:06:43'),
(1343, 88, 31, 1, '2025-09-26 15:06:43'),
(1344, 88, 132, 1, '2025-09-26 15:06:43'),
(1345, 88, 133, 1, '2025-09-26 15:06:43'),
(1346, 88, 134, 1, '2025-09-26 15:06:43'),
(1347, 88, 135, 1, '2025-09-26 15:06:43'),
(1348, 88, 136, 1, '2025-09-26 15:06:43'),
(1349, 88, 137, 1, '2025-09-26 15:06:43'),
(1350, 88, 123, 1, '2025-09-26 15:06:43'),
(1351, 88, 124, 1, '2025-09-26 15:06:43'),
(1352, 88, 125, 1, '2025-09-26 15:06:43'),
(1353, 88, 126, 1, '2025-09-26 15:06:43'),
(1354, 88, 127, 1, '2025-09-26 15:06:43'),
(1355, 88, 128, 1, '2025-09-26 15:06:43'),
(1356, 88, 129, 1, '2025-09-26 15:06:43'),
(1357, 88, 130, 1, '2025-09-26 15:06:43'),
(1358, 88, 131, 1, '2025-09-26 15:06:43'),
(1359, 88, 32, 1, '2025-09-26 15:06:43'),
(1420, 86, 112, 1, '2025-09-26 15:08:17'),
(1421, 86, 113, 1, '2025-09-26 15:08:17'),
(1422, 86, 118, 1, '2025-09-26 15:08:17'),
(1423, 86, 114, 1, '2025-09-26 15:08:17'),
(1424, 86, 115, 1, '2025-09-26 15:08:17'),
(1425, 86, 119, 1, '2025-09-26 15:08:17'),
(1426, 86, 121, 1, '2025-09-26 15:08:17'),
(1427, 86, 116, 1, '2025-09-26 15:08:17'),
(1428, 86, 117, 1, '2025-09-26 15:08:17'),
(1429, 86, 120, 1, '2025-09-26 15:08:17'),
(1430, 86, 177, 1, '2025-09-26 15:08:17'),
(1431, 86, 111, 1, '2025-09-26 15:08:17'),
(1432, 86, 31, 1, '2025-09-26 15:08:17'),
(1433, 86, 132, 1, '2025-09-26 15:08:17'),
(1434, 86, 133, 1, '2025-09-26 15:08:17'),
(1435, 86, 134, 1, '2025-09-26 15:08:17'),
(1436, 86, 135, 1, '2025-09-26 15:08:17'),
(1437, 86, 136, 1, '2025-09-26 15:08:17'),
(1438, 86, 137, 1, '2025-09-26 15:08:17'),
(1439, 86, 123, 1, '2025-09-26 15:08:17'),
(1440, 86, 124, 1, '2025-09-26 15:08:17'),
(1441, 86, 125, 1, '2025-09-26 15:08:17'),
(1442, 86, 126, 1, '2025-09-26 15:08:17'),
(1443, 86, 127, 1, '2025-09-26 15:08:17'),
(1444, 86, 128, 1, '2025-09-26 15:08:17'),
(1445, 86, 129, 1, '2025-09-26 15:08:17'),
(1446, 86, 130, 1, '2025-09-26 15:08:17'),
(1447, 86, 131, 1, '2025-09-26 15:08:17'),
(1448, 86, 32, 1, '2025-09-26 15:08:17'),
(1472, 95, 72, 1, '2025-09-26 15:09:03'),
(1473, 95, 79, 1, '2025-09-26 15:09:03'),
(1474, 95, 75, 1, '2025-09-26 15:09:03'),
(1475, 95, 73, 1, '2025-09-26 15:09:03'),
(1476, 95, 80, 1, '2025-09-26 15:09:03'),
(1477, 95, 76, 1, '2025-09-26 15:09:03'),
(1478, 95, 78, 1, '2025-09-26 15:09:03'),
(1479, 95, 74, 1, '2025-09-26 15:09:03'),
(1480, 95, 81, 1, '2025-09-26 15:09:03'),
(1481, 95, 77, 1, '2025-09-26 15:09:03'),
(1482, 95, 27, 1, '2025-09-26 15:09:03'),
(1483, 95, 62, 1, '2025-09-26 15:09:03'),
(1484, 95, 53, 1, '2025-09-26 15:09:03'),
(1485, 95, 54, 1, '2025-09-26 15:09:03'),
(1486, 95, 55, 1, '2025-09-26 15:09:03'),
(1487, 95, 56, 1, '2025-09-26 15:09:03'),
(1488, 95, 57, 1, '2025-09-26 15:09:03'),
(1489, 95, 58, 1, '2025-09-26 15:09:03'),
(1490, 95, 59, 1, '2025-09-26 15:09:03'),
(1491, 95, 60, 1, '2025-09-26 15:09:03'),
(1492, 95, 61, 1, '2025-09-26 15:09:03'),
(1493, 95, 29, 1, '2025-09-26 15:09:03'),
(1517, 120, 72, 1, '2025-09-26 15:10:23'),
(1518, 120, 79, 1, '2025-09-26 15:10:23'),
(1519, 120, 75, 1, '2025-09-26 15:10:23'),
(1520, 120, 73, 1, '2025-09-26 15:10:23'),
(1521, 120, 80, 1, '2025-09-26 15:10:23'),
(1522, 120, 76, 1, '2025-09-26 15:10:23'),
(1523, 120, 78, 1, '2025-09-26 15:10:23'),
(1524, 120, 74, 1, '2025-09-26 15:10:23'),
(1525, 120, 81, 1, '2025-09-26 15:10:23'),
(1526, 120, 77, 1, '2025-09-26 15:10:23'),
(1527, 120, 27, 1, '2025-09-26 15:10:23'),
(1528, 120, 62, 1, '2025-09-26 15:10:23'),
(1529, 120, 53, 1, '2025-09-26 15:10:23'),
(1530, 120, 54, 1, '2025-09-26 15:10:23'),
(1531, 120, 55, 1, '2025-09-26 15:10:23'),
(1532, 120, 56, 1, '2025-09-26 15:10:23'),
(1533, 120, 57, 1, '2025-09-26 15:10:23'),
(1534, 120, 58, 1, '2025-09-26 15:10:23'),
(1535, 120, 59, 1, '2025-09-26 15:10:23'),
(1536, 120, 60, 1, '2025-09-26 15:10:23'),
(1537, 120, 61, 1, '2025-09-26 15:10:23'),
(1568, 89, 100, 1, '2025-09-26 15:11:15'),
(1569, 89, 101, 1, '2025-09-26 15:11:15'),
(1570, 89, 108, 1, '2025-09-26 15:11:15'),
(1571, 89, 102, 1, '2025-09-26 15:11:15'),
(1572, 89, 103, 1, '2025-09-26 15:11:15'),
(1573, 89, 106, 1, '2025-09-26 15:11:15'),
(1574, 89, 109, 1, '2025-09-26 15:11:15'),
(1575, 89, 104, 1, '2025-09-26 15:11:15'),
(1576, 89, 105, 1, '2025-09-26 15:11:15'),
(1577, 89, 107, 1, '2025-09-26 15:11:15'),
(1578, 89, 30, 1, '2025-09-26 15:11:15'),
(1579, 89, 64, 1, '2025-09-26 15:11:15'),
(1580, 89, 99, 1, '2025-09-26 15:11:15'),
(1581, 89, 67, 1, '2025-09-26 15:11:15'),
(1582, 89, 68, 1, '2025-09-26 15:11:15'),
(1583, 89, 69, 1, '2025-09-26 15:11:15'),
(1584, 89, 70, 1, '2025-09-26 15:11:15'),
(1585, 89, 71, 1, '2025-09-26 15:11:15'),
(1586, 89, 90, 1, '2025-09-26 15:11:15'),
(1587, 89, 91, 1, '2025-09-26 15:11:15'),
(1588, 89, 92, 1, '2025-09-26 15:11:15'),
(1589, 89, 93, 1, '2025-09-26 15:11:15'),
(1590, 89, 94, 1, '2025-09-26 15:11:15'),
(1591, 89, 95, 1, '2025-09-26 15:11:15'),
(1592, 89, 96, 1, '2025-09-26 15:11:15'),
(1593, 89, 97, 1, '2025-09-26 15:11:15'),
(1594, 89, 98, 1, '2025-09-26 15:11:15'),
(1595, 89, 66, 1, '2025-09-26 15:11:15'),
(1596, 89, 65, 1, '2025-09-26 15:11:15'),
(1627, 147, 100, 1, '2025-09-26 15:12:02'),
(1628, 147, 101, 1, '2025-09-26 15:12:02'),
(1629, 147, 108, 1, '2025-09-26 15:12:02'),
(1630, 147, 102, 1, '2025-09-26 15:12:02'),
(1631, 147, 103, 1, '2025-09-26 15:12:02'),
(1632, 147, 106, 1, '2025-09-26 15:12:02'),
(1633, 147, 109, 1, '2025-09-26 15:12:02'),
(1634, 147, 104, 1, '2025-09-26 15:12:02'),
(1635, 147, 105, 1, '2025-09-26 15:12:02'),
(1636, 147, 107, 1, '2025-09-26 15:12:02'),
(1637, 147, 30, 1, '2025-09-26 15:12:02'),
(1638, 147, 64, 1, '2025-09-26 15:12:02'),
(1639, 147, 99, 1, '2025-09-26 15:12:02'),
(1640, 147, 67, 1, '2025-09-26 15:12:02'),
(1641, 147, 68, 1, '2025-09-26 15:12:02'),
(1642, 147, 69, 1, '2025-09-26 15:12:02'),
(1643, 147, 70, 1, '2025-09-26 15:12:02'),
(1644, 147, 71, 1, '2025-09-26 15:12:02'),
(1645, 147, 90, 1, '2025-09-26 15:12:02'),
(1646, 147, 91, 1, '2025-09-26 15:12:02'),
(1647, 147, 92, 1, '2025-09-26 15:12:02'),
(1648, 147, 93, 1, '2025-09-26 15:12:02'),
(1649, 147, 94, 1, '2025-09-26 15:12:02'),
(1650, 147, 95, 1, '2025-09-26 15:12:02'),
(1651, 147, 96, 1, '2025-09-26 15:12:02'),
(1652, 147, 97, 1, '2025-09-26 15:12:02'),
(1653, 147, 98, 1, '2025-09-26 15:12:02'),
(1654, 147, 66, 1, '2025-09-26 15:12:02'),
(1655, 147, 65, 1, '2025-09-26 15:12:02'),
(1667, 141, 38, 1, '2025-09-29 10:57:04'),
(1668, 141, 39, 1, '2025-09-29 10:57:04'),
(1669, 141, 28, 1, '2025-09-29 10:57:04'),
(1670, 141, 24, 1, '2025-09-29 10:57:04'),
(1671, 141, 33, 1, '2025-09-29 10:57:04'),
(1672, 141, 34, 1, '2025-09-29 10:57:04'),
(1673, 141, 35, 1, '2025-09-29 10:57:04'),
(1674, 141, 36, 1, '2025-09-29 10:57:04'),
(1675, 141, 37, 1, '2025-09-29 10:57:04'),
(1687, 134, 38, 1, '2025-09-29 10:57:51'),
(1688, 134, 39, 1, '2025-09-29 10:57:51'),
(1689, 134, 24, 1, '2025-09-29 10:57:51'),
(1690, 134, 34, 1, '2025-09-29 10:57:51'),
(1691, 134, 35, 1, '2025-09-29 10:57:51'),
(1747, 192, 38, 1, '2025-09-29 11:07:48'),
(1748, 192, 39, 1, '2025-09-29 11:07:48'),
(1749, 192, 40, 1, '2025-09-29 11:07:48'),
(1750, 192, 28, 1, '2025-09-29 11:07:48'),
(1751, 192, 24, 1, '2025-09-29 11:07:48'),
(1752, 192, 33, 1, '2025-09-29 11:07:48'),
(1753, 192, 34, 1, '2025-09-29 11:07:48'),
(1754, 192, 35, 1, '2025-09-29 11:07:48'),
(1755, 192, 36, 1, '2025-09-29 11:07:48'),
(1756, 192, 37, 1, '2025-09-29 11:07:48'),
(1764, 135, 37, 0, NULL),
(1765, 135, 38, 1, '2025-09-29 11:08:24'),
(1766, 135, 28, 1, '2025-09-29 11:08:24'),
(1767, 135, 24, 1, '2025-09-29 11:08:24'),
(1768, 135, 33, 1, '2025-09-29 11:08:24'),
(1769, 135, 34, 1, '2025-09-29 11:08:24'),
(1770, 135, 35, 1, '2025-09-29 11:08:24'),
(1772, 107, 38, 1, '2025-09-29 11:11:48'),
(1773, 107, 39, 1, '2025-09-29 11:11:48'),
(1774, 107, 40, 1, '2025-09-29 11:11:48'),
(1775, 107, 28, 1, '2025-09-29 11:11:48'),
(1776, 107, 24, 1, '2025-09-29 11:11:48'),
(1777, 107, 33, 1, '2025-09-29 11:11:48'),
(1778, 107, 34, 1, '2025-09-29 11:11:48'),
(1779, 107, 35, 1, '2025-09-29 11:11:48'),
(1780, 107, 36, 1, '2025-09-29 11:11:48'),
(1781, 107, 37, 1, '2025-09-29 11:11:48'),
(1786, 94, 72, 1, '2025-09-29 11:13:42'),
(1787, 94, 79, 1, '2025-09-29 11:13:42'),
(1788, 94, 75, 1, '2025-09-29 11:13:42'),
(1789, 94, 73, 1, '2025-09-29 11:13:42'),
(1790, 94, 80, 1, '2025-09-29 11:13:42'),
(1791, 94, 76, 1, '2025-09-29 11:13:42'),
(1792, 94, 78, 1, '2025-09-29 11:13:42'),
(1793, 94, 74, 1, '2025-09-29 11:13:42'),
(1794, 94, 81, 1, '2025-09-29 11:13:42'),
(1795, 94, 77, 1, '2025-09-29 11:13:42'),
(1796, 94, 27, 1, '2025-09-29 11:13:42'),
(1797, 94, 62, 1, '2025-09-29 11:13:42'),
(1798, 94, 53, 1, '2025-09-29 11:13:42'),
(1799, 94, 54, 1, '2025-09-29 11:13:42'),
(1800, 94, 55, 1, '2025-09-29 11:13:42'),
(1801, 94, 56, 1, '2025-09-29 11:13:42'),
(1802, 94, 57, 1, '2025-09-29 11:13:42'),
(1803, 94, 58, 1, '2025-09-29 11:13:42'),
(1804, 94, 59, 1, '2025-09-29 11:13:42'),
(1805, 94, 60, 1, '2025-09-29 11:13:42'),
(1806, 94, 61, 1, '2025-09-29 11:13:42'),
(1807, 94, 29, 1, '2025-09-29 11:13:42'),
(1811, 97, 72, 1, '2025-09-29 11:14:01'),
(1812, 97, 79, 1, '2025-09-29 11:14:01'),
(1813, 97, 75, 1, '2025-09-29 11:14:01'),
(1814, 97, 73, 1, '2025-09-29 11:14:01'),
(1815, 97, 80, 1, '2025-09-29 11:14:01'),
(1816, 97, 76, 1, '2025-09-29 11:14:01'),
(1817, 97, 78, 1, '2025-09-29 11:14:01'),
(1818, 97, 74, 1, '2025-09-29 11:14:01'),
(1819, 97, 81, 1, '2025-09-29 11:14:01'),
(1820, 97, 77, 1, '2025-09-29 11:14:01'),
(1821, 97, 27, 1, '2025-09-29 11:14:01'),
(1822, 97, 62, 1, '2025-09-29 11:14:01'),
(1823, 97, 53, 1, '2025-09-29 11:14:01'),
(1824, 97, 54, 1, '2025-09-29 11:14:01'),
(1825, 97, 55, 1, '2025-09-29 11:14:01'),
(1826, 97, 56, 1, '2025-09-29 11:14:01'),
(1827, 97, 57, 1, '2025-09-29 11:14:01'),
(1828, 97, 58, 1, '2025-09-29 11:14:01'),
(1829, 97, 59, 1, '2025-09-29 11:14:01'),
(1830, 97, 60, 1, '2025-09-29 14:14:01'),
(1831, 97, 61, 1, '2025-09-29 11:14:01'),
(1832, 97, 29, 1, '2025-09-29 11:14:01'),
(1842, 194, 38, 1, '2025-09-29 11:15:00'),
(1843, 194, 39, 1, '2025-09-29 11:15:00'),
(1844, 194, 40, 1, '2025-09-29 11:15:00'),
(1845, 194, 28, 1, '2025-09-29 11:15:00'),
(1846, 194, 24, 1, '2025-09-29 14:15:00'),
(1847, 194, 33, 1, '2025-09-29 11:15:00'),
(1848, 194, 34, 1, '2025-09-29 11:15:00'),
(1849, 194, 35, 1, '2025-09-29 11:15:00'),
(1850, 194, 36, 1, '2025-09-29 11:15:00'),
(1851, 194, 37, 1, '2025-09-29 11:15:00'),
(1852, 194, 41, 0, NULL),
(1855, 145, 72, 1, '2025-09-29 11:16:17'),
(1856, 145, 79, 1, '2025-09-29 11:16:17'),
(1857, 145, 75, 1, '2025-09-29 11:16:17'),
(1858, 145, 73, 1, '2025-09-29 11:16:17'),
(1859, 145, 80, 1, '2025-09-29 11:16:17'),
(1860, 145, 76, 1, '2025-09-29 11:16:17'),
(1861, 145, 78, 1, '2025-09-29 11:16:17'),
(1862, 145, 74, 1, '2025-09-29 11:16:17'),
(1863, 145, 81, 1, '2025-09-29 11:16:17'),
(1864, 145, 77, 1, '2025-09-29 11:16:17'),
(1865, 145, 27, 1, '2025-09-29 11:16:17'),
(1866, 145, 62, 1, '2025-09-29 11:16:17'),
(1867, 145, 53, 1, '2025-09-29 11:16:17'),
(1868, 145, 54, 1, '2025-09-29 11:16:17'),
(1869, 145, 55, 1, '2025-09-29 11:16:17'),
(1870, 145, 56, 1, '2025-09-29 11:16:17'),
(1871, 145, 57, 1, '2025-09-29 11:16:17'),
(1872, 145, 58, 1, '2025-09-29 11:16:17'),
(1873, 145, 59, 1, '2025-09-29 11:16:17'),
(1874, 145, 60, 1, '2025-09-29 11:16:17'),
(1875, 145, 61, 1, '2025-09-29 11:16:17'),
(1876, 145, 29, 1, '2025-09-29 11:16:17'),
(1887, 193, 38, 1, '2025-09-29 11:20:11'),
(1888, 193, 39, 1, '2025-09-29 11:20:11'),
(1889, 193, 28, 1, '2025-09-29 11:20:11'),
(1890, 193, 24, 1, '2025-09-29 11:20:11'),
(1891, 193, 33, 1, '2025-09-29 11:20:11'),
(1892, 193, 34, 1, '2025-09-29 11:20:11'),
(1893, 193, 35, 1, '2025-09-29 11:20:11'),
(1894, 193, 37, 0, NULL),
(1918, 96, 100, 1, '2025-09-29 11:20:20'),
(1919, 96, 101, 1, '2025-09-29 11:20:20'),
(1920, 96, 108, 1, '2025-09-29 11:20:20'),
(1921, 96, 102, 1, '2025-09-29 11:20:20'),
(1922, 96, 103, 1, '2025-09-29 11:20:20'),
(1923, 96, 106, 1, '2025-09-29 11:20:20'),
(1924, 96, 109, 1, '2025-09-29 11:20:20'),
(1925, 96, 104, 1, '2025-09-29 11:20:20'),
(1926, 96, 105, 1, '2025-09-29 11:20:20'),
(1927, 96, 107, 1, '2025-09-29 11:20:20'),
(1928, 96, 30, 1, '2025-09-29 11:20:20'),
(1929, 96, 64, 1, '2025-09-29 11:20:20'),
(1930, 96, 99, 1, '2025-09-29 11:20:20'),
(1931, 96, 67, 1, '2025-09-29 11:20:20'),
(1932, 96, 68, 1, '2025-09-29 11:20:20'),
(1933, 96, 69, 1, '2025-09-29 11:20:20'),
(1934, 96, 70, 1, '2025-09-29 11:20:20'),
(1935, 96, 71, 1, '2025-09-29 11:20:20'),
(1936, 96, 90, 1, '2025-09-29 11:20:20'),
(1937, 96, 91, 1, '2025-09-29 11:20:20'),
(1938, 96, 92, 1, '2025-09-29 11:20:20'),
(1939, 96, 93, 1, '2025-09-29 11:20:20'),
(1940, 96, 94, 1, '2025-09-29 11:20:20'),
(1941, 96, 95, 1, '2025-09-29 11:20:20'),
(1942, 96, 96, 1, '2025-09-29 11:20:20'),
(1943, 96, 97, 1, '2025-09-29 11:20:20'),
(1944, 96, 98, 1, '2025-09-29 11:20:20'),
(1945, 96, 66, 1, '2025-09-29 11:20:20'),
(1946, 96, 65, 1, '2025-09-29 11:20:20'),
(1977, 90, 112, 1, '2025-09-29 11:32:42'),
(1978, 90, 113, 1, '2025-09-29 11:32:42'),
(1979, 90, 118, 1, '2025-09-29 11:32:42'),
(1980, 90, 114, 1, '2025-09-29 11:32:42'),
(1981, 90, 115, 1, '2025-09-29 11:32:42'),
(1982, 90, 119, 1, '2025-09-29 11:32:42'),
(1983, 90, 121, 1, '2025-09-29 11:32:42'),
(1984, 90, 116, 1, '2025-09-29 11:32:42'),
(1985, 90, 117, 1, '2025-09-29 11:32:42'),
(1986, 90, 120, 1, '2025-09-29 11:32:42'),
(1987, 90, 177, 1, '2025-09-29 11:32:42'),
(1988, 90, 111, 1, '2025-09-29 11:32:42'),
(1989, 90, 31, 1, '2025-09-29 11:32:42'),
(1990, 90, 132, 1, '2025-09-29 11:32:42'),
(1991, 90, 133, 1, '2025-09-29 11:32:42'),
(1992, 90, 134, 1, '2025-09-29 11:32:42'),
(1993, 90, 135, 1, '2025-09-29 11:32:42'),
(1994, 90, 136, 1, '2025-09-29 11:32:42'),
(1995, 90, 137, 1, '2025-09-29 11:32:42'),
(1996, 90, 123, 1, '2025-09-29 11:32:42'),
(1997, 90, 124, 1, '2025-09-29 11:32:42'),
(1998, 90, 125, 1, '2025-09-29 11:32:42'),
(1999, 90, 126, 1, '2025-09-29 11:32:42'),
(2000, 90, 127, 1, '2025-09-29 11:32:42'),
(2001, 90, 128, 1, '2025-09-29 11:32:42'),
(2002, 90, 129, 1, '2025-09-29 11:32:42'),
(2003, 90, 130, 1, '2025-09-29 11:32:42'),
(2004, 90, 131, 1, '2025-09-29 11:32:42'),
(2005, 90, 32, 1, '2025-09-29 11:32:42'),
(2009, 109, 112, 1, '2025-09-29 11:35:48'),
(2010, 109, 113, 1, '2025-09-29 11:35:48'),
(2011, 109, 118, 1, '2025-09-29 11:35:48'),
(2012, 109, 114, 1, '2025-09-29 11:35:48'),
(2013, 109, 115, 1, '2025-09-29 11:35:48'),
(2014, 109, 119, 1, '2025-09-29 11:35:48'),
(2015, 109, 121, 1, '2025-09-29 11:35:48'),
(2016, 109, 116, 1, '2025-09-29 11:35:48'),
(2017, 109, 117, 1, '2025-09-29 11:35:48'),
(2018, 109, 120, 1, '2025-09-29 11:35:48'),
(2019, 109, 177, 1, '2025-09-29 11:35:48'),
(2020, 109, 111, 1, '2025-09-29 11:35:48'),
(2021, 109, 31, 1, '2025-09-29 11:35:48'),
(2022, 109, 132, 1, '2025-09-29 11:35:48'),
(2023, 109, 133, 1, '2025-09-29 11:35:48'),
(2024, 109, 134, 1, '2025-09-29 11:35:48'),
(2025, 109, 135, 1, '2025-09-29 11:35:48'),
(2026, 109, 136, 1, '2025-09-29 11:35:48'),
(2027, 109, 137, 1, '2025-09-29 11:35:48'),
(2028, 109, 123, 1, '2025-09-29 11:35:48'),
(2029, 109, 124, 1, '2025-09-29 11:35:48'),
(2030, 109, 125, 1, '2025-09-29 11:35:48'),
(2031, 109, 126, 1, '2025-09-29 11:35:48'),
(2032, 109, 127, 1, '2025-09-29 11:35:48'),
(2033, 109, 128, 1, '2025-09-29 11:35:48'),
(2034, 109, 129, 1, '2025-09-29 11:35:48'),
(2035, 109, 130, 1, '2025-09-29 11:35:48'),
(2036, 109, 131, 1, '2025-09-29 11:35:48'),
(2037, 109, 32, 1, '2025-09-29 11:35:48'),
(2069, 99, 164, 1, '2025-09-29 11:36:55'),
(2070, 99, 165, 1, '2025-09-29 11:36:55'),
(2071, 99, 170, 1, '2025-09-29 11:36:55'),
(2072, 99, 166, 1, '2025-09-29 11:36:55'),
(2073, 99, 167, 1, '2025-09-29 11:36:55'),
(2074, 99, 171, 1, '2025-09-29 11:36:55'),
(2075, 99, 173, 1, '2025-09-29 11:36:55'),
(2076, 99, 168, 1, '2025-09-29 11:36:55'),
(2077, 99, 169, 1, '2025-09-29 11:36:55'),
(2078, 99, 172, 1, '2025-09-29 11:36:55'),
(2079, 99, 178, 1, '2025-09-29 11:36:55'),
(2080, 99, 138, 1, '2025-09-29 11:36:55'),
(2081, 99, 158, 1, '2025-09-29 11:36:55'),
(2082, 99, 159, 1, '2025-09-29 11:36:55'),
(2083, 99, 160, 1, '2025-09-29 11:36:55'),
(2084, 99, 161, 1, '2025-09-29 11:36:55'),
(2085, 99, 162, 1, '2025-09-29 11:36:55'),
(2086, 99, 163, 1, '2025-09-29 11:36:55'),
(2087, 99, 143, 1, '2025-09-29 11:36:55'),
(2088, 99, 144, 1, '2025-09-29 11:36:55'),
(2089, 99, 145, 1, '2025-09-29 11:36:55'),
(2090, 99, 146, 1, '2025-09-29 11:36:55'),
(2091, 99, 149, 1, '2025-09-29 11:36:55'),
(2092, 99, 147, 1, '2025-09-29 11:36:55'),
(2093, 99, 150, 1, '2025-09-29 11:36:55'),
(2094, 99, 151, 1, '2025-09-29 11:36:55'),
(2095, 99, 152, 1, '2025-09-29 11:36:55'),
(2096, 99, 153, 1, '2025-09-29 11:36:55'),
(2097, 99, 154, 1, '2025-09-29 11:36:55'),
(2098, 99, 155, 1, '2025-09-29 11:36:55'),
(2099, 99, 156, 1, '2025-09-29 11:36:55'),
(2100, 99, 157, 1, '2025-09-29 11:36:55'),
(2120, 144, 82, 1, '2025-09-29 11:53:57'),
(2121, 144, 49, 1, '2025-09-29 11:53:57'),
(2122, 144, 83, 1, '2025-09-29 11:53:57'),
(2123, 144, 50, 1, '2025-09-29 11:53:57'),
(2124, 144, 84, 1, '2025-09-29 11:53:57'),
(2125, 144, 51, 1, '2025-09-29 11:53:57'),
(2126, 144, 43, 1, '2025-09-29 11:53:57'),
(2127, 144, 85, 1, '2025-09-29 11:53:57'),
(2128, 144, 86, 1, '2025-09-29 11:53:57'),
(2129, 144, 87, 1, '2025-09-29 11:53:57'),
(2130, 144, 88, 1, '2025-09-29 11:53:57'),
(2131, 144, 89, 1, '2025-09-29 11:53:57'),
(2132, 144, 42, 1, '2025-09-29 11:53:57'),
(2161, 85, 112, 1, '2025-09-29 15:12:08'),
(2162, 85, 113, 1, '2025-09-29 15:12:08'),
(2163, 85, 118, 1, '2025-09-29 15:12:08'),
(2164, 85, 114, 1, '2025-09-29 15:12:08'),
(2165, 85, 115, 1, '2025-09-29 15:12:08'),
(2166, 85, 119, 1, '2025-09-29 15:12:08'),
(2167, 85, 121, 1, '2025-09-29 15:12:08'),
(2168, 85, 116, 1, '2025-09-29 15:12:08'),
(2169, 85, 117, 1, '2025-09-29 15:12:08'),
(2170, 85, 120, 1, '2025-09-29 15:12:08'),
(2171, 85, 177, 1, '2025-09-29 15:12:08'),
(2172, 85, 111, 1, '2025-09-29 15:12:08'),
(2173, 85, 31, 1, '2025-09-29 15:12:08'),
(2174, 85, 132, 1, '2025-09-29 15:12:08'),
(2175, 85, 133, 1, '2025-09-29 15:12:08'),
(2176, 85, 134, 1, '2025-09-29 15:12:08'),
(2177, 85, 135, 1, '2025-09-29 15:12:08'),
(2178, 85, 136, 1, '2025-09-29 15:12:08'),
(2179, 85, 137, 1, '2025-09-29 15:12:08'),
(2180, 85, 123, 1, '2025-09-29 15:12:08'),
(2181, 85, 124, 1, '2025-09-29 15:12:08'),
(2182, 85, 125, 1, '2025-09-29 15:12:08'),
(2183, 85, 126, 1, '2025-09-29 15:12:08'),
(2184, 85, 127, 1, '2025-09-29 15:12:08'),
(2185, 85, 128, 1, '2025-09-29 15:12:08'),
(2186, 85, 129, 1, '2025-09-29 15:12:08'),
(2187, 85, 130, 1, '2025-09-29 15:12:08'),
(2188, 85, 131, 1, '2025-09-29 15:12:08'),
(2189, 85, 32, 1, '2025-09-29 15:12:08'),
(2220, 149, 112, 1, '2025-09-29 15:21:14'),
(2221, 149, 113, 1, '2025-09-29 15:21:14'),
(2222, 149, 118, 1, '2025-09-29 15:21:14'),
(2223, 149, 114, 1, '2025-09-29 15:21:14'),
(2224, 149, 115, 1, '2025-09-29 15:21:14'),
(2225, 149, 119, 1, '2025-09-29 15:21:14'),
(2226, 149, 121, 1, '2025-09-29 15:21:14'),
(2227, 149, 116, 1, '2025-09-29 15:21:14'),
(2228, 149, 117, 1, '2025-09-29 15:21:14'),
(2229, 149, 120, 1, '2025-09-29 15:21:14'),
(2230, 149, 177, 1, '2025-09-29 15:21:14'),
(2231, 149, 31, 1, '2025-09-29 15:21:14'),
(2232, 149, 122, 1, '2025-09-29 15:21:14'),
(2233, 149, 132, 1, '2025-09-29 15:21:14'),
(2234, 149, 133, 1, '2025-09-29 15:21:14'),
(2235, 149, 134, 1, '2025-09-29 15:21:14'),
(2236, 149, 135, 1, '2025-09-29 15:21:14'),
(2237, 149, 136, 1, '2025-09-29 15:21:14'),
(2238, 149, 137, 1, '2025-09-29 15:21:14'),
(2239, 149, 123, 1, '2025-09-29 15:21:14'),
(2240, 149, 124, 1, '2025-09-29 15:21:14'),
(2241, 149, 125, 1, '2025-09-29 15:21:14'),
(2242, 149, 126, 1, '2025-09-29 15:21:14'),
(2243, 149, 127, 1, '2025-09-29 15:21:14'),
(2244, 149, 128, 1, '2025-09-29 15:21:14'),
(2245, 149, 129, 1, '2025-09-29 15:21:14'),
(2246, 149, 130, 1, '2025-09-29 15:21:14'),
(2247, 149, 131, 1, '2025-09-29 15:21:14'),
(2248, 149, 32, 1, '2025-09-29 15:21:14'),
(2268, 148, 82, 1, '2025-09-29 15:26:22'),
(2269, 148, 49, 1, '2025-09-29 15:26:22'),
(2270, 148, 83, 1, '2025-09-29 15:26:22'),
(2271, 148, 50, 1, '2025-09-29 15:26:22'),
(2272, 148, 84, 1, '2025-09-29 15:26:22'),
(2273, 148, 51, 1, '2025-09-29 15:26:22'),
(2274, 148, 43, 1, '2025-09-29 15:26:22'),
(2275, 148, 48, 1, '2025-09-29 15:26:22'),
(2276, 148, 85, 1, '2025-09-29 15:26:22'),
(2277, 148, 86, 1, '2025-09-29 15:26:22'),
(2278, 148, 87, 1, '2025-09-29 15:26:22'),
(2279, 148, 88, 1, '2025-09-29 15:26:22'),
(2280, 148, 89, 1, '2025-09-29 15:26:22'),
(2281, 148, 44, 1, '2025-09-29 15:26:22'),
(2282, 148, 45, 1, '2025-09-29 15:26:22'),
(2283, 148, 46, 1, '2025-09-29 15:26:22'),
(2284, 148, 47, 1, '2025-09-29 15:26:22'),
(2285, 148, 42, 1, '2025-09-29 15:26:22'),
(2298, 81, 186, 1, '2025-10-01 12:19:33'),
(2299, 81, 207, 1, '2025-10-01 12:19:33'),
(2300, 81, 208, 1, '2025-10-01 12:19:33'),
(2301, 81, 209, 1, '2025-10-01 12:19:33'),
(2302, 81, 210, 1, '2025-10-01 12:19:33'),
(2303, 81, 211, 1, '2025-10-01 12:19:33'),
(2304, 81, 212, 1, '2025-10-01 12:19:33'),
(2305, 81, 216, 1, '2025-10-01 12:19:33'),
(2306, 81, 213, 1, '2025-10-01 12:19:33'),
(2307, 81, 214, 1, '2025-10-01 12:19:33'),
(2308, 81, 215, 1, '2025-10-01 12:19:33'),
(2309, 81, 256, 1, '2025-10-01 12:19:33'),
(2310, 81, 253, 1, '2025-10-01 12:19:33'),
(2311, 81, 254, 1, '2025-10-01 12:19:33'),
(2312, 81, 255, 1, '2025-10-01 12:19:33'),
(2313, 81, 249, 1, '2025-10-01 12:19:33'),
(2314, 81, 250, 1, '2025-10-01 12:19:33'),
(2315, 81, 257, 1, '2025-10-01 12:19:33'),
(2316, 81, 258, 1, '2025-10-01 12:19:33'),
(2317, 81, 259, 1, '2025-10-01 12:19:33'),
(2318, 81, 251, 1, '2025-10-01 12:19:33'),
(2319, 81, 252, 1, '2025-10-01 12:19:33'),
(2320, 81, 247, 1, '2025-10-01 12:19:33'),
(2321, 81, 185, 1, '2025-10-01 12:19:33'),
(2322, 81, 184, 1, '2025-10-01 12:19:33'),
(2323, 81, 196, 1, '2025-10-01 12:19:33'),
(2324, 81, 197, 1, '2025-10-01 12:19:33'),
(2325, 81, 198, 1, '2025-10-01 12:19:33'),
(2326, 81, 199, 1, '2025-10-01 12:19:33'),
(2327, 81, 200, 1, '2025-10-01 12:19:33'),
(2328, 81, 201, 1, '2025-10-01 12:19:33'),
(2329, 81, 202, 1, '2025-10-01 12:19:33'),
(2330, 81, 203, 1, '2025-10-01 12:19:33'),
(2331, 81, 204, 1, '2025-10-01 12:19:33'),
(2332, 81, 205, 1, '2025-10-01 12:19:33'),
(2333, 81, 187, 1, '2025-10-01 12:19:33'),
(2334, 81, 206, 1, '2025-10-01 12:19:33'),
(2335, 81, 179, 1, '2025-10-01 12:19:33'),
(2336, 81, 180, 1, '2025-10-01 12:19:33'),
(2337, 81, 181, 1, '2025-10-01 12:19:33'),
(2338, 81, 182, 1, '2025-10-01 12:19:33'),
(2339, 81, 183, 1, '2025-10-01 12:19:33'),
(2340, 81, 188, 1, '2025-10-01 12:19:33'),
(2341, 81, 189, 1, '2025-10-01 12:19:33'),
(2342, 81, 190, 1, '2025-10-01 12:19:33'),
(2343, 81, 191, 1, '2025-10-01 12:19:33'),
(2344, 81, 192, 1, '2025-10-01 12:19:33'),
(2345, 81, 193, 1, '2025-10-01 12:19:33'),
(2346, 81, 194, 1, '2025-10-01 12:19:33'),
(2347, 81, 195, 1, '2025-10-01 12:19:33'),
(2378, 84, 100, 1, '2025-10-01 15:10:49'),
(2379, 84, 101, 1, '2025-10-01 15:10:49'),
(2380, 84, 108, 1, '2025-10-01 15:10:49'),
(2381, 84, 102, 1, '2025-10-01 15:10:49'),
(2382, 84, 103, 1, '2025-10-01 15:10:49'),
(2383, 84, 106, 1, '2025-10-01 15:10:49'),
(2384, 84, 109, 1, '2025-10-01 15:10:49'),
(2385, 84, 104, 1, '2025-10-01 15:10:49'),
(2386, 84, 105, 1, '2025-10-01 15:10:49'),
(2387, 84, 107, 1, '2025-10-01 15:10:49'),
(2388, 84, 30, 1, '2025-10-01 15:10:49'),
(2389, 84, 64, 1, '2025-10-01 15:10:49'),
(2390, 84, 99, 1, '2025-10-01 15:10:49'),
(2391, 84, 67, 1, '2025-10-01 15:10:49'),
(2392, 84, 68, 1, '2025-10-01 15:10:49'),
(2393, 84, 69, 1, '2025-10-01 15:10:49'),
(2394, 84, 70, 1, '2025-10-01 15:10:49'),
(2395, 84, 71, 1, '2025-10-01 15:10:49'),
(2396, 84, 90, 1, '2025-10-01 15:10:49'),
(2397, 84, 91, 1, '2025-10-01 15:10:49'),
(2398, 84, 92, 1, '2025-10-01 15:10:49'),
(2399, 84, 93, 1, '2025-10-01 15:10:49'),
(2400, 84, 94, 1, '2025-10-01 15:10:49'),
(2401, 84, 95, 1, '2025-10-01 15:10:49'),
(2402, 84, 96, 1, '2025-10-01 15:10:49'),
(2403, 84, 97, 1, '2025-10-01 15:10:49'),
(2404, 84, 98, 1, '2025-10-01 15:10:49'),
(2405, 84, 66, 1, '2025-10-01 15:10:49'),
(2406, 84, 65, 1, '2025-10-01 15:10:49');

--
-- Chỉ mục cho các bảng đã đổ
--

--
-- Chỉ mục cho bảng `attendance`
--
ALTER TABLE `attendance`
  ADD PRIMARY KEY (`id`),
  ADD UNIQUE KEY `unique_attendance` (`student_id`,`attendance_date`),
  ADD KEY `fk_attendance_group` (`group_id`);

--
-- Chỉ mục cho bảng `exercises`
--
ALTER TABLE `exercises`
  ADD PRIMARY KEY (`id`);

--
-- Chỉ mục cho bảng `groups`
--
ALTER TABLE `groups`
  ADD PRIMARY KEY (`id`),
  ADD UNIQUE KEY `name` (`name`);

--
-- Chỉ mục cho bảng `students`
--
ALTER TABLE `students`
  ADD PRIMARY KEY (`id`),
  ADD UNIQUE KEY `unique_student_code` (`student_code`),
  ADD KEY `fk_student_group` (`group_id`);

--
-- Chỉ mục cho bảng `student_exercises`
--
ALTER TABLE `student_exercises`
  ADD PRIMARY KEY (`id`),
  ADD UNIQUE KEY `student_id` (`student_id`,`exercise_id`),
  ADD KEY `exercise_id` (`exercise_id`);

--
-- AUTO_INCREMENT cho các bảng đã đổ
--

--
-- AUTO_INCREMENT cho bảng `attendance`
--
ALTER TABLE `attendance`
  MODIFY `id` int(11) NOT NULL AUTO_INCREMENT, AUTO_INCREMENT=42;

--
-- AUTO_INCREMENT cho bảng `exercises`
--
ALTER TABLE `exercises`
  MODIFY `id` int(11) NOT NULL AUTO_INCREMENT, AUTO_INCREMENT=325;

--
-- AUTO_INCREMENT cho bảng `groups`
--
ALTER TABLE `groups`
  MODIFY `id` int(11) NOT NULL AUTO_INCREMENT, AUTO_INCREMENT=11;

--
-- AUTO_INCREMENT cho bảng `students`
--
ALTER TABLE `students`
  MODIFY `id` int(11) NOT NULL AUTO_INCREMENT, AUTO_INCREMENT=198;

--
-- AUTO_INCREMENT cho bảng `student_exercises`
--
ALTER TABLE `student_exercises`
  MODIFY `id` int(11) NOT NULL AUTO_INCREMENT, AUTO_INCREMENT=2407;

--
-- Các ràng buộc cho các bảng đã đổ
--

--
-- Các ràng buộc cho bảng `attendance`
--
ALTER TABLE `attendance`
  ADD CONSTRAINT `fk_attendance_group` FOREIGN KEY (`group_id`) REFERENCES `groups` (`id`) ON DELETE SET NULL,
  ADD CONSTRAINT `fk_attendance_student` FOREIGN KEY (`student_id`) REFERENCES `students` (`id`) ON DELETE CASCADE;

--
-- Các ràng buộc cho bảng `students`
--
ALTER TABLE `students`
  ADD CONSTRAINT `fk_student_group` FOREIGN KEY (`group_id`) REFERENCES `groups` (`id`) ON DELETE SET NULL;

--
-- Các ràng buộc cho bảng `student_exercises`
--
ALTER TABLE `student_exercises`
  ADD CONSTRAINT `student_exercises_ibfk_1` FOREIGN KEY (`student_id`) REFERENCES `students` (`id`) ON DELETE CASCADE,
  ADD CONSTRAINT `student_exercises_ibfk_2` FOREIGN KEY (`exercise_id`) REFERENCES `exercises` (`id`) ON DELETE CASCADE;
COMMIT;

/*!40101 SET CHARACTER_SET_CLIENT=@OLD_CHARACTER_SET_CLIENT */;
/*!40101 SET CHARACTER_SET_RESULTS=@OLD_CHARACTER_SET_RESULTS */;
/*!40101 SET COLLATION_CONNECTION=@OLD_COLLATION_CONNECTION */;
